"","x"
"1","DA"
"2","DA"
"3","DA"
"4","DA"
"5","DA"
"6","DA"
"7","DA"
"8","DA"
"9","DA"
"10","DA"
"11","DA"
"12","DA"
"13","DA"
"14","DA"
"15","DA"
"16","DA"
"17","DA"
"18","DA"
"19","DA"
"20","DA"
"21","NE"
"22","DA"
"23","DA"
"24","DA"
"25","DA"
"26","DA"
"27","DA"
"28","DA"
"29","DA"
"30","DA"
"31","NE"
"32","DA"
"33","DA"
"34","DA"
"35","DA"
"36","DA"
"37","DA"
"38","DA"
"39","DA"
"40","DA"
"41","DA"
"42","DA"
"43","DA"
"44","DA"
"45","DA"
"46","DA"
"47","DA"
"48","DA"
"49","DA"
"50","DA"
"51","DA"
"52","DA"
"53","DA"
"54","DA"
"55","DA"
"56","DA"
"57","DA"
"58","DA"
"59","DA"
"60","DA"
"61","DA"
"62","DA"
"63","DA"
"64","DA"
"65","DA"
"66","DA"
"67","DA"
"68","DA"
"69","DA"
"70","DA"
"71","DA"
"72","DA"
"73","DA"
"74","DA"
"75","DA"
"76","DA"
"77","DA"
"78","DA"
"79","DA"
"80","DA"
"81","DA"
"82","DA"
"83","DA"
"84","DA"
"85","DA"
"86","DA"
"87","DA"
"88","DA"
"89","DA"
"90","DA"
"91","DA"
"92","DA"
"93","DA"
"94","DA"
"95","DA"
"96","DA"
"97","DA"
"98","DA"
"99","DA"
"100","DA"
"101","DA"
"102","DA"
"103","DA"
"104","DA"
"105","DA"
"106","DA"
"107","DA"
"108","DA"
"109","DA"
"110","DA"
"111","DA"
"112","DA"
"113","DA"
"114","DA"
"115","DA"
"116","DA"
"117","DA"
"118","DA"
"119","DA"
"120","DA"
"121","DA"
"122","DA"
"123","DA"
"124","DA"
"125","DA"
"126","DA"
"127","DA"
"128","DA"
"129","DA"
"130","DA"
"131","DA"
"132","DA"
"133","DA"
"134","DA"
"135","DA"
"136","NE"
"137","DA"
"138","DA"
"139","DA"
"140","DA"
"141","DA"
"142","DA"
"143","DA"
"144","DA"
"145","DA"
"146","DA"
"147","DA"
"148","DA"
"149","DA"
"150","DA"
"151","DA"
"152","DA"
"153","DA"
"154","DA"
"155","DA"
"156","DA"
"157","DA"
"158","DA"
"159","DA"
"160","DA"
"161","DA"
"162","DA"
"163","DA"
"164","DA"
"165","DA"
"166","DA"
"167","DA"
"168","DA"
"169","DA"
"170","DA"
"171","DA"
"172","DA"
"173","DA"
"174","DA"
"175","DA"
"176","DA"
"177","DA"
"178","DA"
"179","DA"
"180","DA"
"181","DA"
"182","DA"
"183","DA"
"184","DA"
"185","DA"
"186","DA"
"187","DA"
"188","DA"
"189","DA"
"190","DA"
"191","DA"
"192","DA"
"193","DA"
"194","DA"
"195","DA"
"196","DA"
"197","NE"
"198","DA"
"199","DA"
"200","DA"
"201","DA"
"202","DA"
"203","DA"
"204","DA"
"205","DA"
"206","DA"
"207","DA"
"208","DA"
"209","NE"
"210","DA"
"211","DA"
"212","DA"
"213","DA"
"214","DA"
"215","DA"
"216","DA"
"217","DA"
"218","DA"
"219","DA"
"220","DA"
"221","DA"
"222","DA"
"223","DA"
"224","DA"
"225","DA"
"226","DA"
"227","DA"
"228","DA"
"229","DA"
"230","DA"
"231","DA"
"232","DA"
"233","DA"
"234","DA"
"235","DA"
"236","DA"
"237","DA"
"238","DA"
"239","DA"
"240","DA"
"241","DA"
"242","DA"
"243","DA"
"244","NE"
"245","DA"
"246","DA"
"247","DA"
"248","DA"
"249","DA"
"250","DA"
"251","DA"
"252","DA"
"253","DA"
"254","DA"
"255","DA"
"256","DA"
"257","DA"
"258","DA"
"259","DA"
"260","DA"
"261","DA"
"262","DA"
"263","DA"
"264","DA"
"265","DA"
"266","DA"
"267","DA"
"268","DA"
"269","DA"
"270","DA"
"271","DA"
"272","DA"
"273","DA"
"274","DA"
"275","DA"
"276","DA"
"277","DA"
"278","DA"
"279","DA"
"280","DA"
"281","DA"
"282","DA"
"283","DA"
"284","DA"
"285","DA"
"286","DA"
"287","DA"
"288","DA"
"289","DA"
"290","DA"
"291","DA"
"292","DA"
"293","DA"
"294","DA"
"295","DA"
"296","DA"
"297","DA"
"298","DA"
"299","DA"
"300","DA"
"301","DA"
"302","DA"
"303","DA"
"304","DA"
"305","DA"
"306","DA"
"307","DA"
"308","DA"
"309","NE"
"310","DA"
"311","DA"
"312","DA"
"313","DA"
"314","DA"
"315","NE"
"316","DA"
"317","DA"
"318","DA"
"319","DA"
"320","DA"
"321","DA"
"322","DA"
"323","DA"
"324","DA"
"325","DA"
"326","DA"
"327","DA"
"328","DA"
"329","DA"
"330","DA"
"331","DA"
"332","DA"
"333","DA"
"334","DA"
"335","DA"
"336","DA"
"337","DA"
"338","DA"
"339","DA"
"340","DA"
"341","DA"
"342","DA"
"343","DA"
"344","DA"
"345","DA"
"346","DA"
"347","DA"
"348","DA"
"349","DA"
"350","DA"
"351","DA"
"352","DA"
"353","DA"
"354","DA"
"355","DA"
"356","DA"
"357","DA"
"358","DA"
"359","DA"
"360","DA"
"361","DA"
"362","DA"
"363","DA"
"364","DA"
"365","DA"
"366","DA"
"367","DA"
"368","DA"
"369","DA"
"370","DA"
"371","DA"
"372","DA"
"373","DA"
"374","DA"
"375","DA"
"376","DA"
"377","DA"
"378","DA"
"379","DA"
"380","DA"
"381","DA"
"382","DA"
"383","DA"
"384","DA"
"385","DA"
"386","DA"
"387","DA"
"388","DA"
"389","DA"
"390","DA"
"391","DA"
"392","DA"
"393","DA"
"394","DA"
"395","DA"
"396","DA"
"397","DA"
"398","DA"
"399","DA"
"400","DA"
"401","DA"
"402","DA"
"403","DA"
"404","DA"
"405","DA"
"406","DA"
"407","NE"
"408","DA"
"409","DA"
"410","DA"
"411","DA"
"412","DA"
"413","DA"
"414","DA"
"415","DA"
"416","DA"
"417","DA"
"418","DA"
"419","DA"
"420","DA"
"421","DA"
"422","DA"
"423","DA"
"424","DA"
"425","DA"
"426","DA"
"427","DA"
"428","DA"
"429","DA"
"430","DA"
"431","DA"
"432","DA"
"433","DA"
"434","DA"
"435","DA"
"436","DA"
"437","DA"
"438","DA"
"439","DA"
"440","DA"
"441","DA"
"442","DA"
"443","DA"
"444","DA"
"445","DA"
"446","DA"
"447","DA"
"448","DA"
"449","DA"
"450","DA"
"451","DA"
"452","DA"
"453","DA"
"454","DA"
"455","DA"
"456","DA"
"457","DA"
"458","DA"
"459","DA"
"460","DA"
"461","DA"
"462","DA"
"463","DA"
"464","DA"
"465","DA"
"466","DA"
"467","DA"
"468","DA"
"469","DA"
"470","DA"
"471","DA"
"472","DA"
"473","DA"
"474","NE"
"475","DA"
"476","DA"
"477","DA"
"478","DA"
"479","DA"
"480","DA"
"481","DA"
"482","DA"
"483","DA"
"484","DA"
"485","DA"
"486","DA"
"487","DA"
"488","DA"
"489","DA"
"490","DA"
"491","DA"
"492","DA"
"493","DA"
"494","DA"
"495","DA"
"496","DA"
"497","DA"
"498","DA"
"499","DA"
"500","DA"
"501","DA"
"502","DA"
"503","DA"
"504","DA"
"505","DA"
"506","DA"
"507","DA"
"508","DA"
"509","DA"
"510","DA"
"511","DA"
"512","DA"
"513","NE"
"514","DA"
"515","DA"
"516","DA"
"517","DA"
"518","DA"
"519","DA"
"520","DA"
"521","DA"
"522","DA"
"523","DA"
"524","DA"
"525","DA"
"526","DA"
"527","DA"
"528","DA"
"529","DA"
"530","DA"
"531","DA"
"532","DA"
"533","DA"
"534","DA"
"535","DA"
"536","DA"
"537","DA"
"538","DA"
"539","DA"
"540","DA"
"541","DA"
"542","DA"
"543","DA"
"544","DA"
"545","DA"
"546","DA"
"547","DA"
"548","DA"
"549","DA"
"550","DA"
"551","DA"
"552","DA"
"553","DA"
"554","DA"
"555","DA"
"556","DA"
"557","DA"
"558","DA"
"559","DA"
"560","DA"
"561","DA"
"562","DA"
"563","DA"
"564","DA"
"565","DA"
"566","DA"
"567","DA"
"568","DA"
"569","DA"
"570","DA"
"571","DA"
"572","DA"
"573","DA"
"574","NE"
"575","DA"
"576","DA"
"577","DA"
"578","DA"
"579","DA"
"580","DA"
"581","DA"
"582","DA"
"583","DA"
"584","DA"
"585","DA"
"586","DA"
"587","DA"
"588","DA"
"589","DA"
"590","DA"
"591","DA"
"592","DA"
"593","DA"
"594","DA"
"595","DA"
"596","DA"
"597","DA"
"598","DA"
"599","DA"
"600","DA"
"601","DA"
"602","DA"
"603","DA"
"604","DA"
"605","DA"
"606","DA"
"607","DA"
"608","DA"
"609","DA"
"610","DA"
"611","DA"
"612","DA"
"613","DA"
"614","DA"
"615","DA"
"616","DA"
"617","DA"
"618","DA"
"619","DA"
"620","DA"
"621","DA"
"622","DA"
"623","DA"
"624","DA"
"625","DA"
"626","DA"
"627","DA"
"628","DA"
"629","DA"
"630","DA"
"631","DA"
"632","DA"
"633","DA"
"634","DA"
"635","DA"
"636","DA"
"637","DA"
"638","DA"
"639","DA"
"640","DA"
"641","DA"
"642","DA"
"643","DA"
"644","DA"
"645","DA"
"646","DA"
"647","DA"
"648","DA"
"649","DA"
"650","DA"
"651","DA"
"652","DA"
"653","DA"
"654","DA"
"655","DA"
"656","DA"
"657","DA"
"658","DA"
"659","DA"
"660","NE"
"661","DA"
"662","DA"
"663","DA"
"664","DA"
"665","DA"
"666","DA"
"667","DA"
"668","DA"
"669","DA"
"670","DA"
"671","DA"
"672","DA"
"673","DA"
"674","DA"
"675","DA"
"676","DA"
"677","DA"
"678","DA"
"679","DA"
"680","DA"
"681","DA"
"682","DA"
"683","DA"
"684","DA"
"685","DA"
"686","DA"
"687","DA"
"688","DA"
"689","DA"
"690","DA"
"691","DA"
"692","DA"
"693","DA"
"694","DA"
"695","DA"
"696","DA"
"697","DA"
"698","DA"
"699","DA"
"700","DA"
"701","DA"
"702","DA"
"703","DA"
"704","DA"
"705","DA"
"706","DA"
"707","DA"
"708","DA"
"709","DA"
"710","DA"
"711","DA"
"712","DA"
"713","DA"
"714","DA"
"715","DA"
"716","DA"
"717","DA"
"718","DA"
"719","DA"
"720","DA"
"721","DA"
"722","DA"
"723","DA"
"724","DA"
"725","DA"
"726","DA"
"727","DA"
"728","DA"
"729","DA"
"730","DA"
"731","DA"
"732","DA"
"733","DA"
"734","DA"
"735","DA"
"736","DA"
"737","DA"
"738","DA"
"739","DA"
"740","DA"
"741","DA"
"742","DA"
"743","DA"
"744","DA"
"745","DA"
"746","DA"
"747","DA"
"748","DA"
"749","DA"
"750","DA"
"751","DA"
"752","DA"
"753","DA"
"754","DA"
"755","DA"
"756","DA"
"757","DA"
"758","DA"
"759","DA"
"760","DA"
"761","DA"
"762","DA"
"763","DA"
"764","DA"
"765","DA"
"766","DA"
"767","DA"
"768","DA"
"769","DA"
"770","DA"
"771","DA"
"772","DA"
"773","DA"
"774","DA"
"775","DA"
"776","DA"
"777","DA"
"778","DA"
"779","DA"
"780","DA"
"781","DA"
"782","DA"
"783","DA"
"784","DA"
"785","DA"
"786","DA"
"787","DA"
"788","DA"
"789","DA"
"790","DA"
"791","DA"
"792","DA"
"793","DA"
"794","DA"
"795","DA"
"796","DA"
"797","DA"
"798","DA"
"799","DA"
"800","DA"
"801","DA"
"802","DA"
"803","DA"
"804","DA"
"805","DA"
"806","DA"
"807","DA"
"808","DA"
"809","DA"
"810","DA"
"811","DA"
"812","DA"
"813","DA"
"814","DA"
"815","DA"
"816","DA"
"817","DA"
"818","DA"
"819","DA"
"820","DA"
"821","DA"
"822","DA"
"823","DA"
"824","DA"
"825","DA"
"826","DA"
"827","DA"
"828","DA"
"829","DA"
"830","DA"
"831","DA"
"832","DA"
"833","DA"
"834","DA"
"835","DA"
"836","DA"
"837","DA"
"838","DA"
"839","DA"
"840","DA"
"841","DA"
"842","DA"
"843","DA"
"844","DA"
"845","DA"
"846","DA"
"847","DA"
"848","DA"
"849","DA"
"850","DA"
"851","DA"
"852","DA"
"853","DA"
"854","DA"
"855","DA"
"856","DA"
"857","DA"
"858","DA"
"859","DA"
"860","DA"
"861","DA"
"862","DA"
"863","DA"
"864","DA"
"865","DA"
"866","DA"
"867","DA"
"868","DA"
"869","DA"
"870","DA"
"871","DA"
"872","DA"
"873","DA"
"874","DA"
"875","DA"
"876","DA"
"877","DA"
"878","DA"
"879","DA"
"880","DA"
"881","DA"
"882","DA"
"883","DA"
"884","DA"
"885","DA"
"886","DA"
"887","DA"
"888","DA"
"889","DA"
"890","DA"
"891","DA"
"892","DA"
"893","DA"
"894","DA"
"895","DA"
"896","DA"
"897","DA"
"898","DA"
"899","DA"
"900","DA"
"901","DA"
"902","DA"
"903","DA"
"904","DA"
"905","DA"
"906","DA"
"907","DA"
"908","DA"
"909","DA"
"910","DA"
"911","DA"
"912","DA"
"913","DA"
"914","DA"
"915","DA"
"916","DA"
"917","DA"
"918","DA"
"919","DA"
"920","DA"
"921","DA"
"922","DA"
"923","DA"
"924","DA"
"925","DA"
"926","DA"
"927","DA"
"928","DA"
"929","DA"
"930","DA"
"931","DA"
"932","DA"
"933","DA"
"934","DA"
"935","DA"
"936","DA"
"937","DA"
"938","DA"
"939","DA"
"940","DA"
"941","DA"
"942","DA"
"943","DA"
"944","DA"
"945","DA"
"946","DA"
"947","DA"
"948","DA"
"949","DA"
"950","DA"
"951","DA"
"952","DA"
"953","DA"
"954","DA"
"955","DA"
"956","DA"
"957","DA"
"958","DA"
"959","DA"
"960","DA"
"961","DA"
"962","DA"
"963","DA"
"964","DA"
"965","DA"
"966","DA"
"967","DA"
"968","DA"
"969","DA"
"970","DA"
"971","DA"
"972","DA"
"973","DA"
"974","DA"
"975","DA"
"976","DA"
"977","DA"
"978","DA"
"979","DA"
"980","DA"
"981","DA"
"982","DA"
"983","DA"
"984","DA"
"985","DA"
"986","DA"
"987","DA"
"988","DA"
"989","DA"
"990","DA"
"991","DA"
"992","DA"
"993","DA"
"994","DA"
"995","DA"
"996","DA"
"997","DA"
"998","DA"
"999","DA"
"1000","DA"
"1001","DA"
"1002","DA"
"1003","DA"
"1004","DA"
"1005","DA"
"1006","DA"
"1007","DA"
"1008","DA"
"1009","DA"
"1010","DA"
"1011","DA"
"1012","DA"
"1013","DA"
"1014","DA"
"1015","DA"
"1016","DA"
"1017","DA"
"1018","DA"
"1019","DA"
"1020","DA"
"1021","DA"
"1022","NE"
"1023","NE"
"1024","DA"
"1025","DA"
"1026","DA"
"1027","DA"
"1028","DA"
"1029","DA"
"1030","DA"
"1031","DA"
"1032","DA"
"1033","DA"
"1034","DA"
"1035","DA"
"1036","DA"
"1037","DA"
"1038","DA"
"1039","DA"
"1040","DA"
"1041","NE"
"1042","DA"
"1043","DA"
"1044","DA"
"1045","DA"
"1046","DA"
"1047","DA"
"1048","DA"
"1049","DA"
"1050","DA"
"1051","DA"
"1052","DA"
"1053","DA"
"1054","DA"
"1055","DA"
"1056","DA"
"1057","DA"
"1058","DA"
"1059","DA"
"1060","DA"
"1061","DA"
"1062","DA"
"1063","DA"
"1064","DA"
"1065","DA"
"1066","DA"
"1067","DA"
"1068","DA"
"1069","DA"
"1070","DA"
"1071","DA"
"1072","DA"
"1073","DA"
"1074","DA"
"1075","DA"
"1076","DA"
"1077","DA"
"1078","DA"
"1079","DA"
"1080","DA"
"1081","DA"
"1082","DA"
"1083","DA"
"1084","DA"
"1085","DA"
"1086","DA"
"1087","NE"
"1088","DA"
"1089","DA"
"1090","DA"
"1091","DA"
"1092","DA"
"1093","DA"
"1094","DA"
"1095","DA"
"1096","DA"
"1097","DA"
"1098","DA"
"1099","DA"
"1100","DA"
"1101","DA"
"1102","DA"
"1103","DA"
"1104","DA"
"1105","DA"
"1106","DA"
"1107","DA"
"1108","DA"
"1109","DA"
"1110","DA"
"1111","NE"
"1112","DA"
"1113","DA"
"1114","DA"
"1115","DA"
"1116","DA"
"1117","DA"
"1118","DA"
"1119","DA"
"1120","DA"
"1121","DA"
"1122","DA"
"1123","DA"
"1124","DA"
"1125","DA"
"1126","DA"
"1127","DA"
"1128","DA"
"1129","DA"
"1130","DA"
"1131","DA"
"1132","DA"
"1133","DA"
"1134","DA"
"1135","DA"
"1136","DA"
"1137","DA"
"1138","DA"
"1139","DA"
"1140","DA"
"1141","DA"
"1142","DA"
"1143","DA"
"1144","DA"
"1145","DA"
"1146","DA"
"1147","DA"
"1148","DA"
"1149","DA"
"1150","DA"
"1151","DA"
"1152","DA"
"1153","DA"
"1154","DA"
"1155","DA"
"1156","DA"
"1157","DA"
"1158","DA"
"1159","DA"
"1160","DA"
"1161","DA"
"1162","DA"
"1163","DA"
"1164","DA"
"1165","DA"
"1166","DA"
"1167","DA"
"1168","DA"
"1169","DA"
"1170","DA"
"1171","DA"
"1172","DA"
"1173","DA"
"1174","DA"
"1175","DA"
"1176","DA"
"1177","DA"
"1178","DA"
"1179","DA"
"1180","DA"
"1181","DA"
"1182","DA"
"1183","DA"
"1184","DA"
"1185","DA"
"1186","DA"
"1187","DA"
"1188","DA"
"1189","DA"
"1190","DA"
"1191","DA"
"1192","DA"
"1193","DA"
"1194","DA"
"1195","DA"
"1196","DA"
"1197","DA"
"1198","DA"
"1199","DA"
"1200","DA"
"1201","DA"
"1202","DA"
"1203","DA"
"1204","DA"
"1205","DA"
"1206","DA"
"1207","DA"
"1208","DA"
"1209","DA"
"1210","DA"
"1211","DA"
"1212","DA"
"1213","DA"
"1214","DA"
"1215","DA"
"1216","DA"
"1217","DA"
"1218","DA"
"1219","DA"
"1220","DA"
"1221","DA"
"1222","DA"
"1223","DA"
"1224","DA"
"1225","DA"
"1226","NE"
"1227","DA"
"1228","DA"
"1229","DA"
"1230","DA"
"1231","DA"
"1232","DA"
"1233","DA"
"1234","DA"
"1235","DA"
"1236","DA"
"1237","DA"
"1238","DA"
"1239","DA"
"1240","DA"
"1241","DA"
"1242","DA"
"1243","DA"
"1244","DA"
"1245","DA"
"1246","DA"
"1247","DA"
"1248","DA"
"1249","DA"
"1250","DA"
"1251","DA"
"1252","DA"
"1253","DA"
"1254","DA"
"1255","DA"
"1256","DA"
"1257","DA"
"1258","DA"
"1259","DA"
"1260","DA"
"1261","DA"
"1262","DA"
"1263","DA"
"1264","DA"
"1265","DA"
"1266","DA"
"1267","DA"
"1268","DA"
"1269","DA"
"1270","DA"
"1271","DA"
"1272","DA"
"1273","DA"
"1274","DA"
"1275","DA"
"1276","DA"
"1277","DA"
"1278","DA"
"1279","DA"
"1280","DA"
"1281","DA"
"1282","DA"
"1283","DA"
"1284","DA"
"1285","DA"
"1286","DA"
"1287","DA"
"1288","DA"
"1289","DA"
"1290","DA"
"1291","DA"
"1292","DA"
"1293","DA"
"1294","DA"
"1295","DA"
"1296","DA"
"1297","DA"
"1298","DA"
"1299","DA"
"1300","DA"
"1301","DA"
"1302","DA"
"1303","DA"
"1304","DA"
"1305","DA"
"1306","DA"
"1307","DA"
"1308","DA"
"1309","DA"
"1310","DA"
"1311","DA"
"1312","DA"
"1313","DA"
"1314","DA"
"1315","DA"
"1316","DA"
"1317","DA"
"1318","DA"
"1319","DA"
"1320","DA"
"1321","DA"
"1322","DA"
"1323","DA"
"1324","NE"
"1325","DA"
"1326","DA"
"1327","DA"
"1328","DA"
"1329","DA"
"1330","DA"
"1331","DA"
"1332","DA"
"1333","DA"
"1334","DA"
"1335","NE"
"1336","DA"
"1337","DA"
"1338","DA"
"1339","DA"
"1340","DA"
"1341","DA"
"1342","DA"
"1343","DA"
"1344","DA"
"1345","DA"
"1346","DA"
"1347","DA"
"1348","DA"
"1349","DA"
"1350","DA"
"1351","DA"
"1352","DA"
"1353","DA"
"1354","DA"
"1355","DA"
"1356","DA"
"1357","DA"
"1358","DA"
"1359","DA"
"1360","NE"
"1361","DA"
"1362","DA"
"1363","DA"
"1364","DA"
"1365","DA"
"1366","DA"
"1367","DA"
"1368","DA"
"1369","DA"
"1370","DA"
"1371","DA"
"1372","DA"
"1373","DA"
"1374","NE"
"1375","DA"
"1376","DA"
"1377","DA"
"1378","DA"
"1379","DA"
"1380","DA"
"1381","DA"
"1382","DA"
"1383","DA"
"1384","DA"
"1385","DA"
"1386","DA"
"1387","DA"
"1388","DA"
"1389","DA"
"1390","DA"
"1391","DA"
"1392","DA"
"1393","DA"
"1394","DA"
"1395","DA"
"1396","DA"
"1397","DA"
"1398","DA"
"1399","DA"
"1400","DA"
"1401","DA"
"1402","DA"
"1403","DA"
"1404","DA"
"1405","NE"
"1406","DA"
"1407","DA"
"1408","DA"
"1409","DA"
"1410","DA"
"1411","DA"
"1412","DA"
"1413","DA"
"1414","DA"
"1415","DA"
"1416","DA"
"1417","DA"
"1418","DA"
"1419","DA"
"1420","DA"
"1421","DA"
"1422","DA"
"1423","DA"
"1424","DA"
"1425","DA"
"1426","DA"
"1427","DA"
"1428","DA"
"1429","DA"
"1430","DA"
"1431","DA"
"1432","DA"
"1433","NE"
"1434","DA"
"1435","DA"
"1436","DA"
"1437","DA"
"1438","DA"
"1439","DA"
"1440","DA"
"1441","DA"
"1442","DA"
"1443","DA"
"1444","DA"
"1445","DA"
"1446","DA"
"1447","DA"
"1448","DA"
"1449","DA"
"1450","DA"
"1451","DA"
"1452","DA"
"1453","DA"
"1454","DA"
"1455","DA"
"1456","DA"
"1457","DA"
"1458","NE"
"1459","DA"
"1460","DA"
"1461","DA"
"1462","DA"
"1463","DA"
"1464","DA"
"1465","DA"
"1466","DA"
"1467","DA"
"1468","DA"
"1469","DA"
"1470","DA"
"1471","DA"
"1472","DA"
"1473","DA"
"1474","DA"
"1475","DA"
"1476","DA"
"1477","DA"
"1478","DA"
"1479","DA"
"1480","DA"
"1481","DA"
"1482","DA"
"1483","DA"
"1484","DA"
"1485","DA"
"1486","DA"
"1487","DA"
"1488","DA"
"1489","DA"
"1490","DA"
"1491","DA"
"1492","DA"
"1493","DA"
"1494","DA"
"1495","DA"
"1496","DA"
"1497","DA"
"1498","DA"
"1499","DA"
"1500","DA"
"1501","DA"
"1502","DA"
"1503","DA"
"1504","DA"
"1505","DA"
"1506","DA"
"1507","DA"
"1508","DA"
"1509","DA"
"1510","DA"
"1511","DA"
"1512","DA"
"1513","DA"
"1514","DA"
"1515","DA"
"1516","DA"
"1517","DA"
"1518","DA"
"1519","DA"
"1520","DA"
"1521","DA"
"1522","DA"
"1523","DA"
"1524","DA"
"1525","DA"
"1526","DA"
"1527","DA"
"1528","DA"
"1529","DA"
"1530","DA"
"1531","DA"
"1532","DA"
"1533","DA"
"1534","DA"
"1535","DA"
"1536","DA"
"1537","DA"
"1538","DA"
"1539","DA"
"1540","DA"
"1541","DA"
"1542","DA"
"1543","DA"
"1544","DA"
"1545","DA"
"1546","DA"
"1547","DA"
"1548","DA"
"1549","DA"
"1550","DA"
"1551","DA"
"1552","DA"
"1553","DA"
"1554","DA"
"1555","DA"
"1556","DA"
"1557","DA"
"1558","DA"
"1559","DA"
"1560","DA"
"1561","DA"
"1562","DA"
"1563","DA"
"1564","DA"
"1565","DA"
"1566","DA"
"1567","DA"
"1568","DA"
"1569","DA"
"1570","DA"
"1571","DA"
"1572","DA"
"1573","DA"
"1574","DA"
"1575","DA"
"1576","DA"
"1577","DA"
"1578","DA"
"1579","DA"
"1580","DA"
"1581","DA"
"1582","DA"
"1583","DA"
"1584","DA"
"1585","DA"
"1586","NE"
"1587","DA"
"1588","DA"
"1589","DA"
"1590","DA"
"1591","DA"
"1592","DA"
"1593","DA"
"1594","DA"
"1595","DA"
"1596","DA"
"1597","DA"
"1598","DA"
"1599","DA"
"1600","DA"
"1601","DA"
"1602","DA"
"1603","DA"
"1604","DA"
"1605","DA"
"1606","DA"
"1607","DA"
"1608","DA"
"1609","DA"
"1610","DA"
"1611","DA"
"1612","DA"
"1613","DA"
"1614","DA"
"1615","DA"
"1616","DA"
"1617","DA"
"1618","DA"
"1619","DA"
"1620","DA"
"1621","DA"
"1622","DA"
"1623","DA"
"1624","DA"
"1625","DA"
"1626","DA"
"1627","DA"
"1628","DA"
"1629","DA"
"1630","DA"
"1631","DA"
"1632","DA"
"1633","DA"
"1634","DA"
"1635","DA"
"1636","DA"
"1637","DA"
"1638","DA"
"1639","DA"
"1640","DA"
"1641","DA"
"1642","DA"
"1643","DA"
"1644","DA"
"1645","DA"
"1646","DA"
"1647","DA"
"1648","DA"
"1649","DA"
"1650","DA"
"1651","DA"
"1652","DA"
"1653","DA"
"1654","DA"
"1655","DA"
"1656","DA"
"1657","DA"
"1658","DA"
"1659","DA"
"1660","DA"
"1661","DA"
"1662","DA"
"1663","DA"
"1664","DA"
"1665","DA"
"1666","DA"
"1667","DA"
"1668","DA"
"1669","DA"
"1670","DA"
"1671","DA"
"1672","NE"
"1673","DA"
"1674","DA"
"1675","DA"
"1676","DA"
"1677","DA"
"1678","DA"
"1679","DA"
"1680","DA"
"1681","DA"
"1682","DA"
"1683","DA"
"1684","DA"
"1685","DA"
"1686","DA"
"1687","DA"
"1688","DA"
"1689","DA"
"1690","DA"
"1691","DA"
"1692","DA"
"1693","DA"
"1694","DA"
"1695","DA"
"1696","DA"
"1697","DA"
"1698","DA"
"1699","DA"
"1700","DA"
"1701","DA"
"1702","DA"
"1703","NE"
"1704","DA"
"1705","DA"
"1706","DA"
"1707","DA"
"1708","DA"
"1709","DA"
"1710","DA"
"1711","DA"
"1712","DA"
"1713","DA"
"1714","DA"
"1715","DA"
"1716","DA"
"1717","DA"
"1718","DA"
"1719","DA"
"1720","DA"
"1721","DA"
"1722","DA"
"1723","DA"
"1724","NE"
"1725","DA"
"1726","NE"
"1727","DA"
"1728","DA"
"1729","DA"
"1730","DA"
"1731","DA"
"1732","DA"
"1733","DA"
"1734","DA"
"1735","DA"
"1736","DA"
"1737","DA"
"1738","DA"
"1739","NE"
"1740","DA"
"1741","DA"
"1742","DA"
"1743","DA"
"1744","DA"
"1745","DA"
"1746","DA"
"1747","DA"
"1748","DA"
"1749","DA"
"1750","DA"
"1751","DA"
"1752","DA"
"1753","DA"
"1754","DA"
"1755","DA"
"1756","DA"
"1757","DA"
"1758","DA"
"1759","DA"
"1760","DA"
"1761","DA"
"1762","DA"
"1763","DA"
"1764","DA"
"1765","DA"
"1766","DA"
"1767","DA"
"1768","DA"
"1769","DA"
"1770","DA"
"1771","DA"
"1772","DA"
"1773","DA"
"1774","DA"
"1775","DA"
"1776","DA"
"1777","DA"
"1778","DA"
"1779","DA"
"1780","DA"
"1781","DA"
"1782","DA"
"1783","DA"
"1784","DA"
"1785","DA"
"1786","DA"
"1787","DA"
"1788","DA"
"1789","DA"
"1790","DA"
"1791","DA"
"1792","DA"
"1793","DA"
"1794","DA"
"1795","DA"
"1796","DA"
"1797","DA"
"1798","DA"
"1799","DA"
"1800","DA"
"1801","DA"
"1802","DA"
"1803","DA"
"1804","DA"
"1805","DA"
"1806","DA"
"1807","DA"
"1808","DA"
"1809","DA"
"1810","DA"
"1811","DA"
"1812","DA"
"1813","DA"
"1814","DA"
"1815","DA"
"1816","DA"
"1817","DA"
"1818","DA"
"1819","DA"
"1820","DA"
"1821","DA"
"1822","DA"
"1823","DA"
"1824","DA"
"1825","DA"
"1826","DA"
"1827","DA"
"1828","DA"
"1829","DA"
"1830","DA"
"1831","DA"
"1832","DA"
"1833","DA"
"1834","DA"
"1835","DA"
"1836","DA"
"1837","DA"
"1838","DA"
"1839","DA"
"1840","DA"
"1841","DA"
"1842","DA"
"1843","DA"
"1844","DA"
"1845","DA"
"1846","DA"
"1847","DA"
"1848","DA"
"1849","DA"
"1850","DA"
"1851","DA"
"1852","DA"
"1853","DA"
"1854","DA"
"1855","DA"
"1856","DA"
"1857","DA"
"1858","DA"
"1859","DA"
"1860","DA"
"1861","DA"
"1862","DA"
"1863","DA"
"1864","DA"
"1865","DA"
"1866","DA"
"1867","DA"
"1868","DA"
"1869","DA"
"1870","DA"
"1871","DA"
"1872","DA"
"1873","DA"
"1874","DA"
"1875","DA"
"1876","DA"
"1877","DA"
"1878","DA"
"1879","DA"
"1880","DA"
"1881","DA"
"1882","DA"
"1883","DA"
"1884","DA"
"1885","DA"
"1886","DA"
"1887","DA"
"1888","DA"
"1889","DA"
"1890","DA"
"1891","DA"
"1892","DA"
"1893","DA"
"1894","DA"
"1895","DA"
"1896","DA"
"1897","DA"
"1898","DA"
"1899","DA"
"1900","DA"
"1901","NE"
"1902","DA"
"1903","DA"
"1904","DA"
"1905","DA"
"1906","DA"
"1907","DA"
"1908","NE"
"1909","DA"
"1910","DA"
"1911","DA"
"1912","DA"
"1913","DA"
"1914","DA"
"1915","DA"
"1916","DA"
"1917","DA"
"1918","DA"
"1919","DA"
"1920","DA"
"1921","DA"
"1922","DA"
"1923","DA"
"1924","DA"
"1925","DA"
"1926","DA"
"1927","DA"
"1928","DA"
"1929","DA"
"1930","DA"
"1931","DA"
"1932","DA"
"1933","DA"
"1934","DA"
"1935","DA"
"1936","DA"
"1937","DA"
"1938","DA"
"1939","DA"
"1940","DA"
"1941","DA"
"1942","DA"
"1943","DA"
"1944","DA"
"1945","DA"
"1946","DA"
"1947","DA"
"1948","DA"
"1949","DA"
"1950","DA"
"1951","DA"
"1952","DA"
"1953","DA"
"1954","DA"
"1955","DA"
"1956","DA"
"1957","DA"
"1958","DA"
"1959","DA"
"1960","DA"
"1961","DA"
"1962","DA"
"1963","DA"
"1964","DA"
"1965","DA"
"1966","DA"
"1967","DA"
"1968","DA"
"1969","DA"
"1970","DA"
"1971","DA"
"1972","DA"
"1973","DA"
"1974","DA"
"1975","DA"
"1976","DA"
"1977","DA"
"1978","DA"
"1979","DA"
"1980","DA"
"1981","DA"
"1982","DA"
"1983","DA"
"1984","DA"
"1985","DA"
"1986","DA"
"1987","DA"
"1988","DA"
"1989","DA"
"1990","DA"
"1991","DA"
"1992","DA"
"1993","DA"
"1994","DA"
"1995","DA"
"1996","DA"
"1997","DA"
"1998","DA"
"1999","DA"
"2000","DA"
"2001","DA"
"2002","DA"
"2003","DA"
"2004","DA"
"2005","DA"
"2006","DA"
"2007","DA"
"2008","DA"
"2009","DA"
"2010","DA"
"2011","DA"
"2012","DA"
"2013","DA"
"2014","DA"
"2015","DA"
"2016","DA"
"2017","DA"
"2018","DA"
"2019","DA"
"2020","DA"
"2021","DA"
"2022","DA"
"2023","DA"
"2024","DA"
"2025","DA"
"2026","DA"
"2027","DA"
"2028","DA"
"2029","DA"
"2030","DA"
"2031","DA"
"2032","DA"
"2033","DA"
"2034","DA"
"2035","DA"
"2036","DA"
"2037","DA"
"2038","DA"
"2039","DA"
"2040","NE"
"2041","DA"
"2042","DA"
"2043","DA"
"2044","DA"
"2045","DA"
"2046","DA"
"2047","DA"
"2048","DA"
"2049","DA"
"2050","DA"
"2051","DA"
"2052","DA"
"2053","DA"
"2054","DA"
"2055","DA"
"2056","DA"
"2057","DA"
"2058","DA"
"2059","DA"
"2060","DA"
"2061","DA"
"2062","DA"
"2063","DA"
"2064","DA"
"2065","DA"
"2066","DA"
"2067","DA"
"2068","DA"
"2069","DA"
"2070","DA"
"2071","DA"
"2072","DA"
"2073","DA"
"2074","DA"
"2075","DA"
"2076","DA"
"2077","DA"
"2078","DA"
"2079","DA"
"2080","DA"
"2081","DA"
"2082","DA"
"2083","DA"
"2084","DA"
"2085","DA"
"2086","DA"
"2087","DA"
"2088","DA"
"2089","DA"
"2090","DA"
"2091","DA"
"2092","DA"
"2093","DA"
"2094","DA"
"2095","DA"
"2096","DA"
"2097","DA"
"2098","DA"
"2099","DA"
"2100","DA"
"2101","DA"
"2102","DA"
"2103","DA"
"2104","DA"
"2105","DA"
"2106","DA"
"2107","DA"
"2108","DA"
"2109","DA"
"2110","DA"
"2111","DA"
"2112","DA"
"2113","DA"
"2114","DA"
"2115","DA"
"2116","DA"
"2117","DA"
"2118","DA"
"2119","DA"
"2120","DA"
"2121","DA"
"2122","DA"
"2123","DA"
"2124","DA"
"2125","DA"
"2126","DA"
"2127","DA"
"2128","DA"
"2129","DA"
"2130","DA"
"2131","DA"
"2132","DA"
"2133","DA"
"2134","DA"
"2135","DA"
"2136","DA"
"2137","DA"
"2138","DA"
"2139","DA"
"2140","DA"
"2141","DA"
"2142","DA"
"2143","DA"
"2144","DA"
"2145","DA"
"2146","DA"
"2147","DA"
"2148","DA"
"2149","DA"
"2150","DA"
"2151","DA"
"2152","DA"
"2153","DA"
"2154","DA"
"2155","DA"
"2156","DA"
"2157","DA"
"2158","DA"
"2159","DA"
"2160","DA"
"2161","DA"
"2162","DA"
"2163","DA"
"2164","DA"
"2165","DA"
"2166","DA"
"2167","DA"
"2168","DA"
"2169","DA"
"2170","DA"
"2171","DA"
"2172","DA"
"2173","DA"
"2174","DA"
"2175","DA"
"2176","DA"
"2177","DA"
"2178","DA"
"2179","DA"
"2180","DA"
"2181","DA"
"2182","DA"
"2183","DA"
"2184","DA"
"2185","DA"
"2186","DA"
"2187","DA"
"2188","DA"
"2189","DA"
"2190","DA"
"2191","DA"
"2192","DA"
"2193","DA"
"2194","DA"
"2195","DA"
"2196","DA"
"2197","DA"
"2198","DA"
"2199","DA"
"2200","DA"
"2201","DA"
"2202","DA"
"2203","DA"
"2204","DA"
"2205","DA"
"2206","DA"
"2207","DA"
"2208","DA"
"2209","DA"
"2210","DA"
"2211","DA"
"2212","DA"
"2213","DA"
"2214","DA"
"2215","DA"
"2216","DA"
"2217","DA"
"2218","DA"
"2219","DA"
"2220","DA"
"2221","DA"
"2222","DA"
"2223","DA"
"2224","DA"
"2225","DA"
"2226","DA"
"2227","DA"
"2228","DA"
"2229","DA"
"2230","DA"
"2231","DA"
"2232","DA"
"2233","DA"
"2234","DA"
"2235","DA"
"2236","DA"
"2237","DA"
"2238","DA"
"2239","DA"
"2240","DA"
"2241","DA"
"2242","DA"
"2243","DA"
"2244","DA"
"2245","DA"
"2246","DA"
"2247","DA"
"2248","DA"
"2249","DA"
"2250","DA"
"2251","DA"
"2252","DA"
"2253","DA"
"2254","DA"
"2255","DA"
"2256","DA"
"2257","DA"
"2258","DA"
"2259","DA"
"2260","DA"
"2261","DA"
"2262","DA"
"2263","DA"
"2264","DA"
"2265","DA"
"2266","DA"
"2267","NE"
"2268","DA"
"2269","DA"
"2270","DA"
"2271","DA"
"2272","DA"
"2273","DA"
"2274","DA"
"2275","DA"
"2276","DA"
"2277","DA"
"2278","DA"
"2279","DA"
"2280","DA"
"2281","DA"
"2282","DA"
"2283","DA"
"2284","DA"
"2285","DA"
"2286","DA"
"2287","DA"
"2288","DA"
"2289","DA"
"2290","DA"
"2291","DA"
"2292","DA"
"2293","DA"
"2294","DA"
"2295","DA"
"2296","DA"
"2297","DA"
"2298","DA"
"2299","DA"
"2300","DA"
"2301","DA"
"2302","DA"
"2303","DA"
"2304","DA"
"2305","DA"
"2306","DA"
"2307","DA"
"2308","DA"
"2309","DA"
"2310","DA"
"2311","DA"
"2312","DA"
"2313","DA"
"2314","DA"
"2315","DA"
"2316","DA"
"2317","DA"
"2318","DA"
"2319","DA"
"2320","DA"
"2321","DA"
"2322","DA"
"2323","DA"
"2324","DA"
"2325","DA"
"2326","DA"
"2327","DA"
"2328","DA"
"2329","DA"
"2330","DA"
"2331","DA"
"2332","DA"
"2333","DA"
"2334","DA"
"2335","DA"
"2336","DA"
"2337","DA"
"2338","DA"
"2339","DA"
"2340","DA"
"2341","DA"
"2342","DA"
"2343","DA"
"2344","DA"
"2345","DA"
"2346","DA"
"2347","DA"
"2348","DA"
"2349","DA"
"2350","DA"
"2351","DA"
"2352","DA"
"2353","DA"
"2354","DA"
"2355","DA"
"2356","DA"
"2357","DA"
"2358","DA"
"2359","DA"
"2360","DA"
"2361","DA"
"2362","DA"
"2363","DA"
"2364","DA"
"2365","DA"
"2366","DA"
"2367","DA"
"2368","DA"
"2369","DA"
"2370","DA"
"2371","DA"
"2372","DA"
"2373","DA"
"2374","DA"
"2375","DA"
"2376","DA"
"2377","DA"
"2378","DA"
"2379","NE"
"2380","DA"
"2381","DA"
"2382","DA"
"2383","DA"
"2384","DA"
"2385","DA"
"2386","DA"
"2387","DA"
"2388","DA"
"2389","DA"
"2390","DA"
"2391","DA"
"2392","DA"
"2393","DA"
"2394","DA"
"2395","DA"
"2396","DA"
"2397","DA"
"2398","DA"
"2399","DA"
"2400","DA"
"2401","DA"
"2402","DA"
"2403","DA"
"2404","DA"
"2405","DA"
"2406","DA"
"2407","DA"
"2408","DA"
"2409","DA"
"2410","DA"
"2411","DA"
"2412","DA"
"2413","DA"
"2414","DA"
"2415","DA"
"2416","DA"
"2417","DA"
"2418","DA"
"2419","DA"
"2420","DA"
"2421","DA"
"2422","DA"
"2423","DA"
"2424","DA"
"2425","DA"
"2426","DA"
"2427","DA"
"2428","NE"
"2429","DA"
"2430","DA"
"2431","DA"
"2432","DA"
"2433","DA"
"2434","DA"
"2435","DA"
"2436","DA"
"2437","DA"
"2438","DA"
"2439","DA"
"2440","DA"
"2441","DA"
"2442","DA"
"2443","DA"
"2444","DA"
"2445","DA"
"2446","DA"
"2447","DA"
"2448","DA"
"2449","DA"
"2450","DA"
"2451","DA"
"2452","DA"
"2453","DA"
"2454","DA"
"2455","DA"
"2456","DA"
"2457","DA"
"2458","DA"
"2459","DA"
"2460","DA"
"2461","DA"
"2462","DA"
"2463","DA"
"2464","DA"
"2465","DA"
"2466","DA"
"2467","DA"
"2468","DA"
"2469","DA"
"2470","DA"
"2471","DA"
"2472","DA"
"2473","DA"
"2474","DA"
"2475","DA"
"2476","NE"
"2477","DA"
"2478","DA"
"2479","DA"
"2480","DA"
"2481","DA"
"2482","DA"
"2483","DA"
"2484","DA"
"2485","DA"
"2486","DA"
"2487","DA"
"2488","DA"
"2489","DA"
"2490","DA"
"2491","DA"
"2492","DA"
"2493","DA"
"2494","DA"
"2495","DA"
"2496","DA"
"2497","DA"
"2498","DA"
"2499","DA"
"2500","DA"
"2501","DA"
"2502","DA"
"2503","DA"
"2504","DA"
"2505","DA"
"2506","DA"
"2507","DA"
"2508","DA"
"2509","DA"
"2510","DA"
"2511","DA"
"2512","DA"
"2513","DA"
"2514","DA"
"2515","DA"
"2516","DA"
"2517","DA"
"2518","DA"
"2519","DA"
"2520","DA"
"2521","DA"
"2522","DA"
"2523","DA"
"2524","DA"
"2525","DA"
"2526","DA"
"2527","DA"
"2528","DA"
"2529","DA"
"2530","DA"
"2531","DA"
"2532","DA"
"2533","DA"
"2534","DA"
"2535","DA"
"2536","DA"
"2537","DA"
"2538","DA"
"2539","NE"
"2540","DA"
"2541","DA"
"2542","DA"
"2543","DA"
"2544","DA"
"2545","DA"
"2546","DA"
"2547","DA"
"2548","DA"
"2549","DA"
"2550","DA"
"2551","DA"
"2552","DA"
"2553","DA"
"2554","DA"
"2555","DA"
"2556","DA"
"2557","DA"
"2558","DA"
"2559","DA"
"2560","DA"
"2561","DA"
"2562","DA"
"2563","DA"
"2564","DA"
"2565","DA"
"2566","DA"
"2567","DA"
"2568","DA"
"2569","DA"
"2570","DA"
"2571","DA"
"2572","DA"
"2573","DA"
"2574","DA"
"2575","DA"
"2576","NE"
"2577","DA"
"2578","DA"
"2579","DA"
"2580","DA"
"2581","DA"
"2582","DA"
"2583","DA"
"2584","DA"
"2585","DA"
"2586","DA"
"2587","DA"
"2588","DA"
"2589","DA"
"2590","DA"
"2591","DA"
"2592","DA"
"2593","DA"
"2594","DA"
"2595","DA"
"2596","DA"
"2597","DA"
"2598","DA"
"2599","DA"
"2600","DA"
"2601","DA"
"2602","DA"
"2603","DA"
"2604","DA"
"2605","DA"
"2606","DA"
"2607","DA"
"2608","DA"
"2609","DA"
"2610","DA"
"2611","DA"
"2612","DA"
"2613","DA"
"2614","DA"
"2615","DA"
"2616","DA"
"2617","DA"
"2618","DA"
"2619","DA"
"2620","DA"
"2621","DA"
"2622","DA"
"2623","DA"
"2624","DA"
"2625","DA"
"2626","DA"
"2627","DA"
"2628","DA"
"2629","DA"
"2630","DA"
"2631","DA"
"2632","DA"
"2633","DA"
"2634","DA"
"2635","DA"
"2636","DA"
"2637","DA"
"2638","DA"
"2639","DA"
"2640","DA"
"2641","DA"
"2642","DA"
"2643","DA"
"2644","DA"
"2645","DA"
"2646","DA"
"2647","DA"
"2648","DA"
"2649","DA"
"2650","DA"
"2651","DA"
"2652","DA"
"2653","DA"
"2654","DA"
"2655","DA"
"2656","DA"
"2657","DA"
"2658","DA"
"2659","DA"
"2660","DA"
"2661","DA"
"2662","DA"
"2663","DA"
"2664","DA"
"2665","DA"
"2666","DA"
"2667","DA"
"2668","DA"
"2669","DA"
"2670","DA"
"2671","DA"
"2672","DA"
"2673","DA"
"2674","DA"
"2675","DA"
"2676","DA"
"2677","DA"
"2678","DA"
"2679","DA"
"2680","DA"
"2681","DA"
"2682","DA"
"2683","DA"
"2684","DA"
"2685","DA"
"2686","DA"
"2687","DA"
"2688","DA"
"2689","DA"
"2690","DA"
"2691","DA"
"2692","DA"
"2693","DA"
"2694","DA"
"2695","DA"
"2696","DA"
"2697","DA"
"2698","DA"
"2699","DA"
"2700","DA"
"2701","DA"
"2702","DA"
"2703","DA"
"2704","DA"
"2705","DA"
"2706","DA"
"2707","DA"
"2708","DA"
"2709","DA"
"2710","NE"
"2711","DA"
"2712","DA"
"2713","DA"
"2714","DA"
"2715","DA"
"2716","DA"
"2717","DA"
"2718","DA"
"2719","DA"
"2720","DA"
"2721","DA"
"2722","DA"
"2723","DA"
"2724","DA"
"2725","DA"
"2726","DA"
"2727","DA"
"2728","DA"
"2729","DA"
"2730","DA"
"2731","DA"
"2732","DA"
"2733","DA"
"2734","DA"
"2735","DA"
"2736","DA"
"2737","DA"
"2738","DA"
"2739","DA"
"2740","DA"
"2741","DA"
"2742","DA"
"2743","DA"
"2744","DA"
"2745","DA"
"2746","DA"
"2747","DA"
"2748","DA"
"2749","DA"
"2750","NE"
"2751","DA"
"2752","DA"
"2753","DA"
"2754","DA"
"2755","DA"
"2756","DA"
"2757","DA"
"2758","DA"
"2759","DA"
"2760","DA"
"2761","DA"
"2762","DA"
"2763","DA"
"2764","DA"
"2765","DA"
"2766","DA"
"2767","DA"
"2768","DA"
"2769","DA"
"2770","DA"
"2771","DA"
"2772","DA"
"2773","DA"
"2774","DA"
"2775","DA"
"2776","DA"
"2777","NE"
"2778","DA"
"2779","DA"
"2780","DA"
"2781","DA"
"2782","DA"
"2783","DA"
"2784","DA"
"2785","DA"
"2786","DA"
"2787","DA"
"2788","DA"
"2789","DA"
"2790","DA"
"2791","DA"
"2792","DA"
"2793","DA"
"2794","DA"
"2795","DA"
"2796","DA"
"2797","DA"
"2798","DA"
"2799","DA"
"2800","DA"
"2801","DA"
"2802","DA"
"2803","DA"
"2804","DA"
"2805","DA"
"2806","DA"
"2807","DA"
"2808","DA"
"2809","DA"
"2810","DA"
"2811","DA"
"2812","DA"
"2813","DA"
"2814","DA"
"2815","DA"
"2816","DA"
"2817","DA"
"2818","DA"
"2819","DA"
"2820","DA"
"2821","DA"
"2822","DA"
"2823","DA"
"2824","DA"
"2825","DA"
"2826","DA"
"2827","DA"
"2828","DA"
"2829","DA"
"2830","DA"
"2831","DA"
"2832","DA"
"2833","DA"
"2834","DA"
"2835","DA"
"2836","DA"
"2837","DA"
"2838","DA"
"2839","DA"
"2840","DA"
"2841","DA"
"2842","DA"
"2843","DA"
"2844","DA"
"2845","DA"
"2846","DA"
"2847","DA"
"2848","DA"
"2849","DA"
"2850","NE"
"2851","DA"
"2852","DA"
"2853","DA"
"2854","DA"
"2855","DA"
"2856","DA"
"2857","NE"
"2858","NE"
"2859","NE"
"2860","NE"
"2861","NE"
"2862","NE"
"2863","NE"
"2864","NE"
"2865","NE"
"2866","NE"
"2867","NE"
"2868","NE"
"2869","NE"
"2870","NE"
"2871","DA"
"2872","NE"
"2873","NE"
"2874","NE"
"2875","NE"
"2876","NE"
"2877","NE"
"2878","DA"
"2879","NE"
"2880","DA"
"2881","NE"
"2882","NE"
"2883","NE"
"2884","NE"
"2885","NE"
"2886","NE"
"2887","DA"
"2888","NE"
"2889","NE"
"2890","DA"
"2891","NE"
"2892","NE"
"2893","NE"
"2894","DA"
"2895","NE"
"2896","NE"
"2897","NE"
"2898","NE"
"2899","NE"
"2900","NE"
"2901","NE"
"2902","NE"
"2903","NE"
"2904","NE"
"2905","NE"
"2906","NE"
"2907","NE"
"2908","NE"
"2909","NE"
"2910","NE"
"2911","NE"
"2912","NE"
"2913","NE"
"2914","NE"
"2915","NE"
"2916","DA"
"2917","NE"
"2918","NE"
"2919","NE"
"2920","NE"
"2921","NE"
"2922","DA"
"2923","NE"
"2924","NE"
"2925","NE"
"2926","DA"
"2927","NE"
"2928","NE"
"2929","NE"
"2930","NE"
"2931","NE"
"2932","NE"
"2933","NE"
"2934","NE"
"2935","NE"
"2936","NE"
"2937","DA"
"2938","NE"
"2939","NE"
"2940","DA"
"2941","DA"
"2942","NE"
"2943","NE"
"2944","NE"
"2945","NE"
"2946","NE"
"2947","NE"
"2948","NE"
"2949","DA"
"2950","NE"
"2951","NE"
"2952","NE"
"2953","DA"
"2954","DA"
"2955","NE"
"2956","NE"
"2957","DA"
"2958","NE"
"2959","NE"
"2960","NE"
"2961","DA"
"2962","NE"
"2963","NE"
"2964","NE"
"2965","NE"
"2966","NE"
"2967","NE"
"2968","NE"
"2969","NE"
"2970","NE"
"2971","NE"
"2972","NE"
"2973","NE"
"2974","NE"
"2975","NE"
"2976","NE"
"2977","NE"
"2978","NE"
"2979","NE"
"2980","NE"
"2981","DA"
"2982","NE"
"2983","DA"
"2984","NE"
"2985","NE"
"2986","NE"
"2987","NE"
"2988","NE"
"2989","NE"
"2990","DA"
"2991","NE"
"2992","NE"
"2993","NE"
"2994","NE"
"2995","NE"
"2996","NE"
"2997","NE"
"2998","NE"
"2999","NE"
"3000","NE"
"3001","NE"
"3002","NE"
"3003","NE"
"3004","NE"
"3005","NE"
"3006","NE"
"3007","NE"
"3008","NE"
"3009","NE"
"3010","NE"
"3011","NE"
"3012","NE"
"3013","NE"
"3014","NE"
"3015","NE"
"3016","NE"
"3017","NE"
"3018","NE"
"3019","NE"
"3020","DA"
"3021","NE"
"3022","NE"
"3023","NE"
"3024","NE"
"3025","NE"
"3026","DA"
"3027","NE"
"3028","DA"
"3029","NE"
"3030","DA"
"3031","NE"
"3032","NE"
"3033","NE"
"3034","NE"
"3035","NE"
"3036","NE"
"3037","NE"
"3038","NE"
"3039","NE"
"3040","DA"
"3041","NE"
"3042","NE"
"3043","NE"
"3044","NE"
"3045","NE"
"3046","NE"
"3047","NE"
"3048","NE"
"3049","NE"
"3050","NE"
"3051","NE"
"3052","NE"
"3053","NE"
"3054","NE"
"3055","NE"
"3056","NE"
"3057","NE"
"3058","NE"
"3059","NE"
"3060","NE"
"3061","NE"
"3062","NE"
"3063","NE"
"3064","NE"
"3065","NE"
"3066","DA"
"3067","DA"
"3068","DA"
"3069","NE"
"3070","NE"
"3071","NE"
"3072","DA"
"3073","NE"
"3074","NE"
"3075","NE"
"3076","NE"
"3077","NE"
"3078","NE"
"3079","NE"
"3080","DA"
"3081","NE"
"3082","NE"
"3083","NE"
"3084","NE"
"3085","NE"
"3086","DA"
"3087","NE"
"3088","NE"
"3089","NE"
"3090","NE"
"3091","NE"
"3092","NE"
"3093","NE"
"3094","NE"
"3095","DA"
"3096","NE"
"3097","NE"
"3098","NE"
"3099","NE"
"3100","NE"
"3101","NE"
"3102","NE"
"3103","NE"
"3104","NE"
"3105","NE"
"3106","DA"
"3107","NE"
"3108","NE"
"3109","DA"
"3110","NE"
"3111","NE"
"3112","NE"
"3113","DA"
"3114","NE"
"3115","NE"
"3116","NE"
"3117","NE"
"3118","DA"
"3119","DA"
"3120","NE"
"3121","NE"
"3122","NE"
"3123","NE"
"3124","NE"
"3125","DA"
"3126","NE"
"3127","NE"
"3128","DA"
"3129","NE"
"3130","DA"
"3131","NE"
"3132","NE"
"3133","NE"
"3134","NE"
"3135","NE"
"3136","NE"
"3137","NE"
"3138","NE"
"3139","NE"
"3140","NE"
"3141","NE"
"3142","NE"
"3143","NE"
"3144","DA"
"3145","DA"
"3146","NE"
"3147","NE"
"3148","NE"
"3149","NE"
"3150","NE"
"3151","DA"
"3152","NE"
"3153","DA"
"3154","NE"
"3155","NE"
"3156","NE"
"3157","NE"
"3158","NE"
"3159","NE"
"3160","NE"
"3161","NE"
"3162","NE"
"3163","NE"
"3164","NE"
"3165","NE"
"3166","NE"
"3167","NE"
"3168","NE"
"3169","NE"
"3170","NE"
"3171","NE"
"3172","NE"
"3173","NE"
"3174","NE"
"3175","NE"
"3176","NE"
"3177","NE"
"3178","NE"
"3179","NE"
"3180","DA"
"3181","NE"
"3182","NE"
"3183","NE"
"3184","DA"
"3185","NE"
"3186","NE"
"3187","DA"
"3188","NE"
"3189","DA"
"3190","DA"
"3191","NE"
"3192","NE"
"3193","NE"
"3194","DA"
"3195","NE"
"3196","DA"
"3197","NE"
"3198","NE"
"3199","NE"
"3200","NE"
"3201","NE"
"3202","NE"
"3203","NE"
"3204","NE"
"3205","NE"
"3206","NE"
"3207","NE"
"3208","DA"
"3209","NE"
"3210","DA"
"3211","NE"
"3212","NE"
"3213","NE"
"3214","NE"
"3215","NE"
"3216","NE"
"3217","DA"
"3218","NE"
"3219","NE"
"3220","DA"
"3221","NE"
"3222","NE"
"3223","NE"
"3224","NE"
"3225","NE"
"3226","NE"
"3227","NE"
"3228","NE"
"3229","NE"
"3230","DA"
"3231","NE"
"3232","NE"
"3233","NE"
"3234","NE"
"3235","NE"
"3236","NE"
"3237","NE"
"3238","NE"
"3239","NE"
"3240","NE"
"3241","NE"
"3242","NE"
"3243","NE"
"3244","NE"
"3245","NE"
"3246","NE"
"3247","NE"
"3248","NE"
"3249","NE"
"3250","NE"
"3251","NE"
"3252","NE"
"3253","NE"
"3254","NE"
"3255","NE"
"3256","NE"
"3257","DA"
"3258","NE"
"3259","NE"
"3260","DA"
"3261","DA"
"3262","DA"
"3263","NE"
"3264","NE"
"3265","NE"
"3266","NE"
"3267","NE"
"3268","NE"
"3269","NE"
"3270","NE"
"3271","NE"
"3272","DA"
"3273","NE"
"3274","NE"
"3275","NE"
"3276","NE"
"3277","DA"
"3278","NE"
"3279","DA"
"3280","DA"
"3281","DA"
"3282","NE"
"3283","NE"
"3284","NE"
"3285","NE"
"3286","NE"
"3287","NE"
"3288","NE"
"3289","NE"
"3290","NE"
"3291","NE"
"3292","NE"
"3293","NE"
"3294","NE"
"3295","DA"
"3296","NE"
"3297","NE"
"3298","NE"
"3299","NE"
"3300","NE"
"3301","DA"
"3302","NE"
"3303","NE"
"3304","NE"
"3305","NE"
"3306","NE"
"3307","NE"
"3308","DA"
"3309","NE"
"3310","NE"
"3311","NE"
"3312","NE"
"3313","NE"
"3314","NE"
"3315","NE"
"3316","NE"
"3317","NE"
"3318","NE"
"3319","NE"
"3320","DA"
"3321","DA"
"3322","DA"
"3323","NE"
"3324","NE"
"3325","NE"
"3326","NE"
"3327","NE"
"3328","NE"
"3329","NE"
"3330","DA"
"3331","NE"
"3332","NE"
"3333","NE"
"3334","DA"
"3335","NE"
"3336","NE"
"3337","NE"
"3338","DA"
"3339","NE"
"3340","NE"
"3341","NE"
"3342","NE"
"3343","NE"
"3344","NE"
"3345","NE"
"3346","NE"
"3347","NE"
"3348","NE"
"3349","NE"
"3350","NE"
"3351","NE"
"3352","NE"
"3353","NE"
"3354","DA"
"3355","DA"
"3356","NE"
"3357","NE"
"3358","NE"
"3359","DA"
"3360","NE"
"3361","NE"
"3362","NE"
"3363","NE"
"3364","NE"
"3365","DA"
"3366","NE"
"3367","DA"
"3368","NE"
"3369","DA"
"3370","NE"
"3371","NE"
"3372","DA"
"3373","DA"
"3374","NE"
"3375","DA"
"3376","NE"
"3377","NE"
"3378","DA"
"3379","DA"
"3380","NE"
"3381","NE"
"3382","DA"
"3383","NE"
"3384","NE"
"3385","DA"
"3386","NE"
"3387","NE"
"3388","NE"
"3389","DA"
"3390","DA"
"3391","NE"
"3392","NE"
"3393","NE"
"3394","NE"
"3395","NE"
"3396","DA"
"3397","NE"
"3398","DA"
"3399","DA"
"3400","NE"
"3401","DA"
"3402","NE"
"3403","NE"
"3404","NE"
"3405","NE"
"3406","DA"
"3407","DA"
"3408","NE"
"3409","NE"
"3410","NE"
"3411","DA"
"3412","NE"
"3413","NE"
"3414","DA"
"3415","NE"
"3416","NE"
"3417","DA"
"3418","NE"
"3419","NE"
"3420","NE"
"3421","NE"
"3422","NE"
"3423","NE"
"3424","NE"
"3425","NE"
"3426","NE"
"3427","NE"
"3428","NE"
"3429","NE"
"3430","NE"
"3431","NE"
"3432","NE"
"3433","DA"
"3434","NE"
"3435","DA"
"3436","DA"
"3437","NE"
"3438","NE"
"3439","NE"
"3440","NE"
"3441","NE"
"3442","DA"
"3443","NE"
"3444","NE"
"3445","NE"
"3446","NE"
"3447","NE"
"3448","NE"
"3449","NE"
"3450","NE"
"3451","NE"
"3452","DA"
"3453","NE"
"3454","NE"
"3455","NE"
"3456","NE"
"3457","NE"
"3458","NE"
"3459","NE"
"3460","NE"
"3461","NE"
"3462","NE"
"3463","NE"
"3464","NE"
"3465","NE"
"3466","DA"
"3467","NE"
"3468","NE"
"3469","DA"
"3470","NE"
"3471","NE"
"3472","NE"
"3473","DA"
"3474","NE"
"3475","DA"
"3476","NE"
"3477","DA"
"3478","NE"
"3479","NE"
"3480","NE"
"3481","DA"
"3482","DA"
"3483","DA"
"3484","DA"
"3485","NE"
"3486","DA"
"3487","DA"
"3488","NE"
"3489","NE"
"3490","DA"
"3491","NE"
"3492","NE"
"3493","NE"
"3494","NE"
"3495","NE"
"3496","NE"
"3497","NE"
"3498","NE"
"3499","NE"
"3500","NE"
"3501","NE"
"3502","NE"
"3503","NE"
"3504","NE"
"3505","NE"
"3506","DA"
"3507","NE"
"3508","NE"
"3509","NE"
"3510","NE"
"3511","NE"
"3512","NE"
"3513","NE"
"3514","NE"
"3515","DA"
"3516","NE"
"3517","NE"
"3518","NE"
"3519","NE"
"3520","DA"
"3521","NE"
"3522","NE"
"3523","NE"
"3524","NE"
"3525","NE"
"3526","DA"
"3527","NE"
"3528","NE"
"3529","NE"
"3530","NE"
"3531","NE"
"3532","NE"
"3533","NE"
"3534","NE"
"3535","NE"
"3536","NE"
"3537","NE"
"3538","NE"
"3539","NE"
"3540","NE"
"3541","NE"
"3542","NE"
"3543","DA"
"3544","NE"
"3545","DA"
"3546","NE"
"3547","NE"
"3548","NE"
"3549","DA"
"3550","NE"
"3551","NE"
"3552","DA"
"3553","NE"
"3554","NE"
"3555","NE"
"3556","NE"
"3557","NE"
"3558","NE"
"3559","NE"
"3560","NE"
"3561","NE"
"3562","NE"
"3563","NE"
"3564","NE"
"3565","NE"
"3566","NE"
"3567","NE"
"3568","NE"
"3569","NE"
"3570","NE"
"3571","NE"
"3572","NE"
"3573","NE"
"3574","NE"
"3575","DA"
"3576","NE"
"3577","NE"
"3578","NE"
"3579","NE"
"3580","DA"
"3581","NE"
"3582","NE"
"3583","NE"
"3584","NE"
"3585","NE"
"3586","NE"
"3587","NE"
"3588","NE"
"3589","NE"
"3590","NE"
"3591","NE"
"3592","DA"
"3593","NE"
"3594","NE"
"3595","NE"
"3596","NE"
"3597","NE"
"3598","NE"
"3599","NE"
"3600","NE"
"3601","NE"
"3602","NE"
"3603","NE"
"3604","NE"
"3605","NE"
"3606","NE"
"3607","DA"
"3608","NE"
"3609","DA"
"3610","NE"
"3611","NE"
"3612","DA"
"3613","NE"
"3614","NE"
"3615","NE"
"3616","NE"
"3617","NE"
"3618","NE"
"3619","NE"
"3620","NE"
"3621","NE"
"3622","DA"
"3623","NE"
"3624","NE"
"3625","NE"
"3626","DA"
"3627","DA"
"3628","DA"
"3629","NE"
"3630","NE"
"3631","DA"
"3632","NE"
"3633","NE"
"3634","NE"
"3635","NE"
"3636","NE"
"3637","NE"
"3638","DA"
"3639","NE"
"3640","NE"
"3641","NE"
"3642","NE"
"3643","NE"
"3644","DA"
"3645","DA"
"3646","NE"
"3647","NE"
"3648","NE"
"3649","NE"
"3650","NE"
"3651","NE"
"3652","NE"
"3653","NE"
"3654","NE"
"3655","NE"
"3656","DA"
"3657","NE"
"3658","DA"
"3659","NE"
"3660","NE"
"3661","NE"
"3662","DA"
"3663","DA"
"3664","NE"
"3665","NE"
"3666","DA"
"3667","NE"
"3668","NE"
"3669","DA"
"3670","NE"
"3671","NE"
"3672","DA"
"3673","NE"
"3674","NE"
"3675","NE"
"3676","DA"
"3677","NE"
"3678","NE"
"3679","NE"
"3680","NE"
"3681","NE"
"3682","NE"
"3683","NE"
"3684","NE"
"3685","NE"
"3686","NE"
"3687","NE"
"3688","NE"
"3689","DA"
"3690","NE"
"3691","NE"
"3692","NE"
"3693","DA"
"3694","NE"
"3695","NE"
"3696","NE"
"3697","NE"
"3698","NE"
"3699","NE"
"3700","NE"
"3701","DA"
"3702","NE"
"3703","DA"
"3704","DA"
"3705","DA"
"3706","NE"
"3707","DA"
"3708","NE"
"3709","NE"
"3710","NE"
"3711","NE"
"3712","NE"
"3713","NE"
"3714","DA"
"3715","DA"
"3716","NE"
"3717","NE"
"3718","NE"
"3719","NE"
"3720","NE"
"3721","NE"
"3722","NE"
"3723","NE"
"3724","DA"
"3725","NE"
"3726","NE"
"3727","NE"
"3728","NE"
"3729","NE"
"3730","NE"
"3731","DA"
"3732","NE"
"3733","NE"
"3734","NE"
"3735","NE"
"3736","NE"
"3737","NE"
"3738","NE"
"3739","NE"
"3740","DA"
"3741","NE"
"3742","NE"
"3743","NE"
"3744","NE"
"3745","NE"
"3746","NE"
"3747","DA"
"3748","NE"
"3749","NE"
"3750","NE"
"3751","NE"
"3752","NE"
"3753","NE"
"3754","DA"
"3755","NE"
"3756","NE"
"3757","NE"
"3758","NE"
"3759","NE"
"3760","NE"
"3761","NE"
"3762","DA"
"3763","NE"
"3764","NE"
"3765","NE"
"3766","DA"
"3767","NE"
"3768","NE"
"3769","DA"
"3770","NE"
"3771","NE"
"3772","NE"
"3773","NE"
"3774","NE"
"3775","NE"
"3776","NE"
"3777","NE"
"3778","NE"
"3779","NE"
"3780","NE"
"3781","DA"
"3782","NE"
"3783","NE"
"3784","NE"
"3785","NE"
"3786","NE"
"3787","NE"
"3788","NE"
"3789","NE"
"3790","NE"
"3791","NE"
"3792","NE"
"3793","NE"
"3794","NE"
"3795","NE"
"3796","NE"
"3797","DA"
"3798","DA"
"3799","NE"
"3800","DA"
"3801","NE"
"3802","NE"
"3803","NE"
"3804","NE"
"3805","NE"
"3806","NE"
"3807","NE"
"3808","NE"
"3809","NE"
"3810","NE"
"3811","NE"
"3812","DA"
"3813","NE"
"3814","DA"
"3815","NE"
"3816","DA"
"3817","NE"
"3818","NE"
"3819","NE"
"3820","NE"
"3821","NE"
"3822","DA"
"3823","NE"
"3824","NE"
"3825","NE"
"3826","DA"
"3827","NE"
"3828","DA"
"3829","NE"
"3830","DA"
"3831","DA"
"3832","NE"
"3833","NE"
"3834","NE"
"3835","NE"
"3836","DA"
"3837","NE"
"3838","DA"
"3839","NE"
"3840","DA"
"3841","NE"
"3842","NE"
"3843","NE"
"3844","NE"
"3845","NE"
"3846","NE"
"3847","NE"
"3848","DA"
"3849","NE"
"3850","NE"
"3851","NE"
"3852","NE"
"3853","NE"
"3854","DA"
"3855","NE"
"3856","NE"
"3857","NE"
"3858","NE"
"3859","NE"
"3860","NE"
"3861","NE"
"3862","DA"
"3863","DA"
"3864","NE"
"3865","DA"
"3866","NE"
"3867","NE"
"3868","NE"
"3869","DA"
"3870","NE"
"3871","NE"
"3872","NE"
"3873","NE"
"3874","NE"
"3875","NE"
"3876","NE"
"3877","NE"
"3878","NE"
"3879","NE"
"3880","DA"
"3881","NE"
"3882","NE"
"3883","NE"
"3884","NE"
"3885","NE"
"3886","NE"
"3887","NE"
"3888","NE"
"3889","NE"
"3890","NE"
"3891","NE"
"3892","NE"
"3893","NE"
"3894","NE"
"3895","NE"
"3896","NE"
"3897","NE"
"3898","NE"
"3899","NE"
"3900","DA"
"3901","NE"
"3902","NE"
"3903","NE"
"3904","NE"
"3905","NE"
"3906","NE"
"3907","DA"
"3908","NE"
"3909","NE"
"3910","NE"
"3911","DA"
"3912","NE"
"3913","NE"
"3914","NE"
"3915","NE"
"3916","NE"
"3917","NE"
"3918","NE"
"3919","NE"
"3920","NE"
"3921","DA"
"3922","NE"
"3923","NE"
"3924","NE"
"3925","NE"
"3926","NE"
"3927","NE"
"3928","NE"
"3929","NE"
"3930","NE"
"3931","NE"
"3932","NE"
"3933","NE"
"3934","NE"
"3935","NE"
"3936","NE"
"3937","NE"
"3938","DA"
"3939","NE"
"3940","DA"
"3941","DA"
"3942","NE"
"3943","NE"
"3944","DA"
"3945","NE"
"3946","NE"
"3947","NE"
"3948","NE"
"3949","NE"
"3950","NE"
"3951","NE"
"3952","DA"
"3953","NE"
"3954","NE"
"3955","NE"
"3956","NE"
"3957","NE"
"3958","NE"
"3959","NE"
"3960","NE"
"3961","DA"
"3962","NE"
"3963","NE"
"3964","NE"
"3965","NE"
"3966","NE"
"3967","NE"
"3968","NE"
"3969","NE"
"3970","NE"
"3971","NE"
"3972","NE"
"3973","NE"
"3974","NE"
"3975","NE"
"3976","NE"
"3977","NE"
"3978","NE"
"3979","NE"
"3980","DA"
"3981","DA"
"3982","NE"
"3983","DA"
"3984","NE"
"3985","DA"
"3986","NE"
"3987","NE"
"3988","DA"
"3989","DA"
"3990","DA"
"3991","NE"
"3992","NE"
"3993","NE"
"3994","DA"
"3995","DA"
"3996","NE"
"3997","DA"
"3998","NE"
"3999","DA"
"4000","NE"
"4001","NE"
"4002","NE"
"4003","DA"
"4004","NE"
"4005","NE"
"4006","NE"
"4007","NE"
"4008","NE"
"4009","DA"
"4010","NE"
"4011","NE"
"4012","NE"
"4013","NE"
"4014","NE"
"4015","NE"
"4016","NE"
"4017","NE"
"4018","DA"
"4019","NE"
"4020","DA"
"4021","NE"
"4022","DA"
"4023","NE"
"4024","NE"
"4025","NE"
"4026","NE"
"4027","NE"
"4028","NE"
"4029","NE"
"4030","NE"
"4031","NE"
"4032","NE"
"4033","NE"
"4034","NE"
"4035","NE"
"4036","NE"
"4037","DA"
"4038","DA"
"4039","NE"
"4040","DA"
"4041","NE"
"4042","NE"
"4043","DA"
"4044","DA"
"4045","NE"
"4046","NE"
"4047","NE"
"4048","NE"
"4049","NE"
"4050","NE"
"4051","NE"
"4052","NE"
"4053","NE"
"4054","NE"
"4055","NE"
"4056","NE"
"4057","DA"
"4058","NE"
"4059","DA"
"4060","DA"
"4061","NE"
"4062","NE"
"4063","NE"
"4064","DA"
"4065","NE"
"4066","NE"
"4067","NE"
"4068","NE"
"4069","NE"
"4070","NE"
"4071","NE"
"4072","NE"
"4073","NE"
"4074","NE"
"4075","NE"
"4076","DA"
"4077","NE"
"4078","NE"
"4079","NE"
"4080","NE"
"4081","DA"
"4082","NE"
"4083","NE"
"4084","NE"
"4085","NE"
"4086","NE"
"4087","NE"
"4088","NE"
"4089","NE"
"4090","DA"
"4091","NE"
"4092","DA"
"4093","DA"
"4094","NE"
"4095","DA"
"4096","NE"
"4097","NE"
"4098","NE"
"4099","DA"
"4100","NE"
"4101","DA"
"4102","DA"
"4103","NE"
"4104","NE"
"4105","DA"
"4106","NE"
"4107","NE"
"4108","NE"
"4109","NE"
"4110","NE"
"4111","NE"
"4112","NE"
"4113","NE"
"4114","NE"
"4115","NE"
"4116","NE"
"4117","NE"
"4118","NE"
"4119","NE"
"4120","NE"
"4121","NE"
"4122","NE"
"4123","NE"
"4124","NE"
"4125","NE"
"4126","NE"
"4127","NE"
"4128","NE"
"4129","NE"
"4130","NE"
"4131","DA"
"4132","NE"
"4133","NE"
"4134","DA"
"4135","NE"
"4136","NE"
"4137","DA"
"4138","NE"
"4139","NE"
"4140","NE"
"4141","DA"
"4142","NE"
"4143","NE"
"4144","NE"
"4145","NE"
"4146","NE"
"4147","DA"
"4148","DA"
"4149","NE"
"4150","NE"
"4151","NE"
"4152","NE"
"4153","NE"
"4154","DA"
"4155","NE"
"4156","DA"
"4157","NE"
"4158","NE"
"4159","NE"
"4160","NE"
"4161","NE"
"4162","NE"
"4163","NE"
"4164","NE"
"4165","DA"
"4166","NE"
"4167","NE"
"4168","NE"
"4169","NE"
"4170","NE"
"4171","NE"
"4172","NE"
"4173","NE"
"4174","NE"
"4175","NE"
"4176","DA"
"4177","NE"
"4178","NE"
"4179","DA"
"4180","NE"
"4181","NE"
"4182","NE"
"4183","DA"
"4184","DA"
"4185","DA"
"4186","NE"
"4187","NE"
"4188","DA"
"4189","NE"
"4190","NE"
"4191","NE"
"4192","NE"
"4193","NE"
"4194","DA"
"4195","NE"
"4196","NE"
"4197","NE"
"4198","NE"
"4199","NE"
"4200","NE"
"4201","NE"
"4202","NE"
"4203","NE"
"4204","NE"
"4205","NE"
"4206","NE"
"4207","NE"
"4208","NE"
"4209","NE"
"4210","NE"
"4211","NE"
"4212","NE"
"4213","NE"
"4214","NE"
"4215","NE"
"4216","NE"
"4217","NE"
"4218","NE"
"4219","NE"
"4220","NE"
"4221","DA"
"4222","NE"
"4223","NE"
"4224","NE"
"4225","NE"
"4226","NE"
"4227","NE"
"4228","NE"
"4229","DA"
"4230","NE"
"4231","NE"
"4232","DA"
"4233","NE"
"4234","NE"
"4235","NE"
"4236","DA"
"4237","NE"
"4238","NE"
"4239","NE"
"4240","NE"
"4241","NE"
"4242","NE"
"4243","NE"
"4244","NE"
"4245","NE"
"4246","DA"
"4247","NE"
"4248","NE"
"4249","NE"
"4250","NE"
"4251","NE"
"4252","NE"
"4253","NE"
"4254","NE"
"4255","NE"
"4256","NE"
"4257","NE"
"4258","NE"
"4259","DA"
"4260","DA"
"4261","DA"
"4262","DA"
"4263","NE"
"4264","NE"
"4265","NE"
"4266","NE"
"4267","NE"
"4268","DA"
"4269","NE"
"4270","NE"
"4271","NE"
"4272","NE"
"4273","NE"
"4274","NE"
"4275","NE"
"4276","NE"
"4277","NE"
"4278","NE"
"4279","DA"
"4280","NE"
"4281","NE"
"4282","NE"
"4283","NE"
"4284","NE"
"4285","NE"
"4286","NE"
"4287","NE"
"4288","NE"
"4289","NE"
"4290","NE"
"4291","DA"
"4292","DA"
"4293","NE"
"4294","DA"
"4295","NE"
"4296","DA"
"4297","NE"
"4298","DA"
"4299","NE"
"4300","DA"
"4301","DA"
"4302","NE"
"4303","NE"
"4304","DA"
"4305","NE"
"4306","NE"
"4307","NE"
"4308","NE"
"4309","NE"
"4310","NE"
"4311","DA"
"4312","NE"
"4313","NE"
"4314","NE"
"4315","NE"
"4316","DA"
"4317","NE"
"4318","NE"
"4319","NE"
"4320","NE"
"4321","NE"
"4322","NE"
"4323","DA"
"4324","NE"
"4325","NE"
"4326","NE"
"4327","NE"
"4328","NE"
"4329","NE"
"4330","NE"
"4331","DA"
"4332","NE"
"4333","DA"
"4334","NE"
"4335","NE"
"4336","NE"
"4337","NE"
"4338","NE"
"4339","NE"
"4340","NE"
"4341","NE"
"4342","NE"
"4343","DA"
"4344","DA"
"4345","NE"
"4346","DA"
"4347","DA"
"4348","DA"
"4349","NE"
"4350","NE"
"4351","NE"
"4352","DA"
"4353","DA"
"4354","NE"
"4355","NE"
"4356","DA"
"4357","NE"
"4358","NE"
"4359","NE"
"4360","DA"
"4361","DA"
"4362","NE"
"4363","NE"
"4364","NE"
"4365","NE"
"4366","NE"
"4367","NE"
"4368","DA"
"4369","DA"
"4370","NE"
"4371","NE"
"4372","NE"
"4373","NE"
"4374","NE"
"4375","DA"
"4376","NE"
"4377","NE"
"4378","NE"
"4379","NE"
"4380","NE"
"4381","NE"
"4382","NE"
"4383","NE"
"4384","NE"
"4385","NE"
"4386","NE"
"4387","NE"
"4388","NE"
"4389","NE"
"4390","NE"
"4391","DA"
"4392","NE"
"4393","NE"
"4394","NE"
"4395","DA"
"4396","NE"
"4397","NE"
"4398","NE"
"4399","NE"
"4400","NE"
"4401","NE"
"4402","NE"
"4403","NE"
"4404","DA"
"4405","NE"
"4406","NE"
"4407","NE"
"4408","DA"
"4409","DA"
"4410","NE"
"4411","NE"
"4412","NE"
"4413","NE"
"4414","NE"
"4415","NE"
"4416","NE"
"4417","NE"
"4418","NE"
"4419","NE"
"4420","NE"
"4421","NE"
"4422","DA"
"4423","NE"
"4424","NE"
"4425","NE"
"4426","DA"
"4427","NE"
"4428","NE"
"4429","DA"
"4430","NE"
"4431","NE"
"4432","NE"
"4433","NE"
"4434","NE"
"4435","DA"
"4436","NE"
"4437","NE"
"4438","NE"
"4439","NE"
"4440","NE"
"4441","NE"
"4442","NE"
"4443","NE"
"4444","NE"
"4445","NE"
"4446","NE"
"4447","NE"
"4448","DA"
"4449","NE"
"4450","NE"
"4451","DA"
"4452","NE"
"4453","DA"
"4454","NE"
"4455","NE"
"4456","NE"
"4457","NE"
"4458","NE"
"4459","DA"
"4460","NE"
"4461","NE"
"4462","NE"
"4463","DA"
"4464","NE"
"4465","NE"
"4466","NE"
"4467","NE"
"4468","NE"
"4469","NE"
"4470","NE"
"4471","NE"
"4472","NE"
"4473","NE"
"4474","NE"
"4475","NE"
"4476","NE"
"4477","NE"
"4478","NE"
"4479","NE"
"4480","NE"
"4481","NE"
"4482","NE"
"4483","NE"
"4484","DA"
"4485","NE"
"4486","DA"
"4487","NE"
"4488","NE"
"4489","NE"
"4490","NE"
"4491","NE"
"4492","NE"
"4493","DA"
"4494","DA"
"4495","NE"
"4496","NE"
"4497","NE"
"4498","DA"
"4499","NE"
"4500","NE"
"4501","NE"
"4502","DA"
"4503","NE"
"4504","NE"
"4505","NE"
"4506","NE"
"4507","NE"
"4508","NE"
"4509","NE"
"4510","NE"
"4511","NE"
"4512","NE"
"4513","NE"
"4514","DA"
"4515","DA"
"4516","NE"
"4517","NE"
"4518","NE"
"4519","DA"
"4520","NE"
"4521","DA"
"4522","NE"
"4523","NE"
"4524","NE"
"4525","NE"
"4526","NE"
"4527","NE"
"4528","NE"
"4529","NE"
"4530","NE"
"4531","DA"
"4532","NE"
"4533","NE"
"4534","NE"
"4535","NE"
"4536","NE"
"4537","NE"
"4538","NE"
"4539","NE"
"4540","NE"
"4541","NE"
"4542","NE"
"4543","NE"
"4544","NE"
"4545","NE"
"4546","DA"
"4547","NE"
"4548","NE"
"4549","NE"
"4550","DA"
"4551","NE"
"4552","NE"
"4553","NE"
"4554","NE"
"4555","DA"
"4556","NE"
"4557","NE"
"4558","NE"
"4559","NE"
"4560","NE"
"4561","DA"
"4562","NE"
"4563","NE"
"4564","NE"
"4565","NE"
"4566","NE"
"4567","DA"
"4568","NE"
"4569","NE"
"4570","NE"
"4571","NE"
"4572","NE"
"4573","NE"
"4574","NE"
"4575","NE"
"4576","DA"
"4577","DA"
"4578","NE"
"4579","NE"
"4580","NE"
"4581","NE"
"4582","NE"
"4583","NE"
"4584","DA"
"4585","NE"
"4586","NE"
"4587","NE"
"4588","DA"
"4589","NE"
"4590","NE"
"4591","DA"
"4592","NE"
"4593","NE"
"4594","NE"
"4595","NE"
"4596","NE"
"4597","NE"
"4598","NE"
"4599","DA"
"4600","NE"
"4601","NE"
"4602","NE"
"4603","NE"
"4604","NE"
"4605","NE"
"4606","NE"
"4607","NE"
"4608","NE"
"4609","NE"
"4610","NE"
"4611","NE"
"4612","NE"
"4613","NE"
"4614","NE"
"4615","NE"
"4616","NE"
"4617","NE"
"4618","NE"
"4619","NE"
"4620","NE"
"4621","NE"
"4622","NE"
"4623","NE"
"4624","DA"
"4625","NE"
"4626","NE"
"4627","NE"
"4628","NE"
"4629","DA"
"4630","NE"
"4631","DA"
"4632","NE"
"4633","NE"
"4634","DA"
"4635","NE"
"4636","DA"
"4637","NE"
"4638","NE"
"4639","NE"
"4640","NE"
"4641","NE"
"4642","NE"
"4643","NE"
"4644","NE"
"4645","DA"
"4646","NE"
"4647","NE"
"4648","NE"
"4649","NE"
"4650","NE"
"4651","NE"
"4652","NE"
"4653","DA"
"4654","NE"
"4655","NE"
"4656","DA"
"4657","NE"
"4658","NE"
"4659","NE"
"4660","NE"
"4661","DA"
"4662","NE"
"4663","NE"
"4664","NE"
"4665","NE"
"4666","NE"
"4667","NE"
"4668","DA"
"4669","NE"
"4670","NE"
"4671","NE"
"4672","NE"
"4673","DA"
"4674","NE"
"4675","NE"
"4676","NE"
"4677","DA"
"4678","NE"
"4679","NE"
"4680","NE"
"4681","NE"
"4682","NE"
"4683","NE"
"4684","NE"
"4685","NE"
"4686","NE"
"4687","NE"
"4688","NE"
"4689","NE"
"4690","NE"
"4691","NE"
"4692","DA"
"4693","NE"
"4694","NE"
"4695","NE"
"4696","DA"
"4697","NE"
"4698","NE"
"4699","DA"
"4700","NE"
"4701","DA"
"4702","NE"
"4703","NE"
"4704","DA"
"4705","DA"
"4706","NE"
"4707","NE"
"4708","DA"
"4709","NE"
"4710","NE"
"4711","NE"
"4712","NE"
"4713","NE"
"4714","NE"
"4715","NE"
"4716","NE"
"4717","DA"
"4718","NE"
"4719","NE"
"4720","DA"
"4721","DA"
"4722","DA"
"4723","NE"
"4724","NE"
"4725","NE"
"4726","NE"
"4727","DA"
"4728","NE"
"4729","DA"
"4730","DA"
"4731","NE"
"4732","NE"
"4733","NE"
"4734","NE"
"4735","NE"
"4736","NE"
"4737","NE"
"4738","DA"
"4739","NE"
"4740","NE"
"4741","NE"
"4742","NE"
"4743","NE"
"4744","NE"
"4745","NE"
"4746","NE"
"4747","NE"
"4748","NE"
"4749","NE"
"4750","NE"
"4751","NE"
"4752","NE"
"4753","NE"
"4754","NE"
"4755","NE"
"4756","DA"
"4757","NE"
"4758","NE"
"4759","NE"
"4760","DA"
"4761","NE"
"4762","NE"
"4763","DA"
"4764","NE"
"4765","DA"
"4766","DA"
"4767","NE"
"4768","NE"
"4769","NE"
"4770","NE"
"4771","NE"
"4772","DA"
"4773","NE"
"4774","NE"
"4775","NE"
"4776","NE"
"4777","NE"
"4778","NE"
"4779","NE"
"4780","NE"
"4781","NE"
"4782","NE"
"4783","NE"
"4784","NE"
"4785","NE"
"4786","NE"
"4787","NE"
"4788","NE"
"4789","NE"
"4790","NE"
"4791","NE"
"4792","NE"
"4793","NE"
"4794","DA"
"4795","NE"
"4796","NE"
"4797","NE"
"4798","NE"
"4799","NE"
"4800","NE"
"4801","NE"
"4802","DA"
"4803","NE"
"4804","NE"
"4805","NE"
"4806","NE"
"4807","NE"
"4808","NE"
"4809","NE"
"4810","NE"
"4811","NE"
"4812","NE"
"4813","NE"
"4814","NE"
"4815","NE"
"4816","NE"
"4817","NE"
"4818","NE"
"4819","NE"
"4820","NE"
"4821","NE"
"4822","NE"
"4823","NE"
"4824","NE"
"4825","NE"
"4826","DA"
"4827","DA"
"4828","NE"
"4829","DA"
"4830","NE"
"4831","NE"
"4832","NE"
"4833","DA"
"4834","NE"
"4835","NE"
"4836","DA"
"4837","NE"
"4838","NE"
"4839","NE"
"4840","NE"
"4841","NE"
"4842","NE"
"4843","DA"
"4844","NE"
"4845","NE"
"4846","DA"
"4847","NE"
"4848","NE"
"4849","NE"
"4850","NE"
"4851","NE"
"4852","NE"
"4853","NE"
"4854","NE"
"4855","NE"
"4856","NE"
"4857","NE"
"4858","NE"
"4859","NE"
"4860","NE"
"4861","NE"
"4862","NE"
"4863","NE"
"4864","NE"
"4865","NE"
"4866","NE"
"4867","NE"
"4868","DA"
"4869","NE"
"4870","NE"
"4871","NE"
"4872","DA"
"4873","NE"
"4874","NE"
"4875","NE"
"4876","NE"
"4877","NE"
"4878","NE"
"4879","NE"
"4880","NE"
"4881","NE"
"4882","NE"
"4883","NE"
"4884","NE"
"4885","NE"
"4886","NE"
"4887","NE"
"4888","NE"
"4889","DA"
"4890","NE"
"4891","NE"
"4892","NE"
"4893","NE"
"4894","NE"
"4895","NE"
"4896","NE"
"4897","NE"
"4898","NE"
"4899","NE"
"4900","NE"
"4901","NE"
"4902","DA"
"4903","NE"
"4904","NE"
"4905","NE"
"4906","NE"
"4907","DA"
"4908","DA"
"4909","NE"
"4910","NE"
"4911","NE"
"4912","NE"
"4913","NE"
"4914","NE"
"4915","NE"
"4916","NE"
"4917","NE"
"4918","NE"
"4919","NE"
"4920","NE"
"4921","NE"
"4922","NE"
"4923","NE"
"4924","NE"
"4925","NE"
"4926","NE"
"4927","NE"
"4928","NE"
"4929","DA"
"4930","NE"
"4931","DA"
"4932","NE"
"4933","NE"
"4934","NE"
"4935","NE"
"4936","NE"
"4937","NE"
"4938","DA"
"4939","NE"
"4940","NE"
"4941","DA"
"4942","NE"
"4943","NE"
"4944","NE"
"4945","NE"
"4946","NE"
"4947","NE"
"4948","NE"
"4949","NE"
"4950","NE"
"4951","NE"
"4952","NE"
"4953","NE"
"4954","NE"
"4955","DA"
"4956","NE"
"4957","NE"
"4958","NE"
"4959","NE"
"4960","NE"
"4961","NE"
"4962","NE"
"4963","DA"
"4964","NE"
"4965","NE"
"4966","NE"
"4967","NE"
"4968","NE"
"4969","NE"
"4970","NE"
"4971","NE"
"4972","DA"
"4973","NE"
"4974","NE"
"4975","NE"
"4976","NE"
"4977","DA"
"4978","NE"
"4979","NE"
"4980","DA"
"4981","NE"
"4982","NE"
"4983","NE"
"4984","NE"
"4985","NE"
"4986","NE"
"4987","NE"
"4988","NE"
"4989","NE"
"4990","NE"
"4991","NE"
"4992","NE"
"4993","NE"
"4994","NE"
"4995","NE"
"4996","NE"
"4997","NE"
"4998","NE"
"4999","NE"
"5000","NE"
"5001","NE"
"5002","NE"
"5003","NE"
"5004","NE"
"5005","NE"
"5006","NE"
"5007","NE"
"5008","NE"
"5009","NE"
"5010","NE"
"5011","NE"
"5012","NE"
"5013","NE"
"5014","NE"
"5015","NE"
"5016","NE"
"5017","NE"
"5018","NE"
"5019","NE"
"5020","NE"
"5021","DA"
"5022","NE"
"5023","DA"
"5024","NE"
"5025","NE"
"5026","DA"
"5027","NE"
"5028","NE"
"5029","NE"
"5030","DA"
"5031","NE"
"5032","NE"
"5033","NE"
"5034","NE"
"5035","NE"
"5036","NE"
"5037","NE"
"5038","NE"
"5039","NE"
"5040","DA"
"5041","NE"
"5042","NE"
"5043","DA"
"5044","NE"
"5045","NE"
"5046","NE"
"5047","NE"
"5048","NE"
"5049","NE"
"5050","NE"
"5051","DA"
"5052","NE"
"5053","NE"
"5054","NE"
"5055","NE"
"5056","NE"
"5057","NE"
"5058","NE"
"5059","NE"
"5060","DA"
"5061","NE"
"5062","DA"
"5063","NE"
"5064","NE"
"5065","NE"
"5066","NE"
"5067","NE"
"5068","NE"
"5069","NE"
"5070","DA"
"5071","NE"
"5072","NE"
"5073","NE"
"5074","DA"
"5075","NE"
"5076","NE"
"5077","NE"
"5078","NE"
"5079","DA"
"5080","NE"
"5081","NE"
"5082","NE"
"5083","NE"
"5084","NE"
"5085","NE"
"5086","NE"
"5087","NE"
"5088","NE"
"5089","NE"
"5090","NE"
"5091","NE"
"5092","NE"
"5093","NE"
"5094","DA"
"5095","NE"
"5096","NE"
"5097","NE"
"5098","NE"
"5099","NE"
"5100","NE"
"5101","NE"
"5102","NE"
"5103","NE"
"5104","NE"
"5105","NE"
"5106","NE"
"5107","NE"
"5108","NE"
"5109","NE"
"5110","NE"
"5111","NE"
"5112","NE"
"5113","NE"
"5114","NE"
"5115","NE"
"5116","NE"
"5117","NE"
"5118","NE"
"5119","NE"
"5120","NE"
"5121","NE"
"5122","DA"
"5123","NE"
"5124","NE"
"5125","DA"
"5126","DA"
"5127","NE"
"5128","NE"
"5129","NE"
"5130","NE"
"5131","NE"
"5132","DA"
"5133","DA"
"5134","NE"
"5135","NE"
"5136","NE"
"5137","NE"
"5138","NE"
"5139","NE"
"5140","NE"
"5141","NE"
"5142","NE"
"5143","NE"
"5144","NE"
"5145","NE"
"5146","NE"
"5147","NE"
"5148","DA"
"5149","NE"
"5150","NE"
"5151","NE"
"5152","NE"
"5153","NE"
"5154","NE"
"5155","NE"
"5156","NE"
"5157","NE"
"5158","NE"
"5159","NE"
"5160","NE"
"5161","DA"
"5162","NE"
"5163","NE"
"5164","NE"
"5165","DA"
"5166","NE"
"5167","NE"
"5168","NE"
"5169","NE"
"5170","NE"
"5171","NE"
"5172","NE"
"5173","NE"
"5174","NE"
"5175","NE"
"5176","NE"
"5177","NE"
"5178","DA"
"5179","NE"
"5180","NE"
"5181","NE"
"5182","NE"
"5183","NE"
"5184","NE"
"5185","NE"
"5186","NE"
"5187","NE"
"5188","NE"
"5189","NE"
"5190","DA"
"5191","NE"
"5192","NE"
"5193","NE"
"5194","NE"
"5195","DA"
"5196","NE"
"5197","NE"
"5198","NE"
"5199","NE"
"5200","NE"
"5201","NE"
"5202","NE"
"5203","NE"
"5204","NE"
"5205","DA"
"5206","NE"
"5207","NE"
"5208","NE"
"5209","DA"
"5210","NE"
"5211","NE"
"5212","NE"
"5213","NE"
"5214","NE"
"5215","NE"
"5216","NE"
"5217","NE"
"5218","NE"
"5219","NE"
"5220","NE"
"5221","DA"
"5222","NE"
"5223","NE"
"5224","NE"
"5225","NE"
"5226","NE"
"5227","NE"
"5228","NE"
"5229","NE"
"5230","NE"
"5231","DA"
"5232","NE"
"5233","NE"
"5234","NE"
"5235","NE"
"5236","NE"
"5237","NE"
"5238","NE"
"5239","NE"
"5240","NE"
"5241","NE"
"5242","NE"
"5243","NE"
"5244","NE"
"5245","NE"
"5246","NE"
"5247","NE"
"5248","NE"
"5249","NE"
"5250","NE"
"5251","DA"
"5252","NE"
"5253","NE"
"5254","NE"
"5255","NE"
"5256","NE"
"5257","DA"
"5258","NE"
"5259","NE"
"5260","NE"
"5261","NE"
"5262","NE"
"5263","NE"
"5264","NE"
"5265","NE"
"5266","NE"
"5267","NE"
"5268","NE"
"5269","NE"
"5270","NE"
"5271","NE"
"5272","NE"
"5273","NE"
"5274","NE"
"5275","NE"
"5276","NE"
"5277","NE"
"5278","NE"
"5279","NE"
"5280","NE"
"5281","NE"
"5282","NE"
"5283","NE"
"5284","NE"
"5285","NE"
"5286","NE"
"5287","NE"
"5288","NE"
"5289","NE"
"5290","NE"
"5291","DA"
"5292","NE"
"5293","NE"
"5294","NE"
"5295","NE"
"5296","NE"
"5297","NE"
"5298","DA"
"5299","NE"
"5300","NE"
"5301","NE"
"5302","NE"
"5303","DA"
"5304","DA"
"5305","NE"
"5306","NE"
"5307","DA"
"5308","NE"
"5309","NE"
"5310","NE"
"5311","NE"
"5312","NE"
"5313","NE"
"5314","DA"
"5315","NE"
"5316","NE"
"5317","NE"
"5318","NE"
"5319","NE"
"5320","NE"
"5321","NE"
"5322","NE"
"5323","NE"
"5324","DA"
"5325","NE"
"5326","NE"
"5327","NE"
"5328","DA"
"5329","NE"
"5330","NE"
"5331","NE"
"5332","NE"
"5333","NE"
"5334","NE"
"5335","NE"
"5336","NE"
"5337","NE"
"5338","NE"
"5339","NE"
"5340","NE"
"5341","NE"
"5342","DA"
"5343","NE"
"5344","NE"
"5345","NE"
"5346","DA"
"5347","NE"
"5348","DA"
"5349","NE"
"5350","NE"
"5351","NE"
"5352","NE"
"5353","NE"
"5354","NE"
"5355","NE"
"5356","NE"
"5357","NE"
"5358","NE"
"5359","NE"
"5360","NE"
"5361","NE"
"5362","NE"
"5363","NE"
"5364","NE"
"5365","NE"
"5366","NE"
"5367","NE"
"5368","NE"
"5369","NE"
"5370","NE"
"5371","NE"
"5372","DA"
"5373","NE"
"5374","NE"
"5375","NE"
"5376","DA"
"5377","NE"
"5378","DA"
"5379","NE"
"5380","NE"
"5381","DA"
"5382","NE"
"5383","NE"
"5384","DA"
"5385","DA"
"5386","NE"
"5387","NE"
"5388","NE"
"5389","NE"
"5390","DA"
"5391","NE"
"5392","NE"
"5393","DA"
"5394","NE"
"5395","NE"
"5396","DA"
"5397","DA"
"5398","NE"
"5399","NE"
"5400","NE"
"5401","NE"
"5402","DA"
"5403","NE"
"5404","NE"
"5405","NE"
"5406","NE"
"5407","NE"
"5408","NE"
"5409","DA"
"5410","NE"
"5411","NE"
"5412","NE"
"5413","NE"
"5414","NE"
"5415","NE"
"5416","NE"
"5417","NE"
"5418","NE"
"5419","NE"
"5420","NE"
"5421","NE"
"5422","NE"
"5423","NE"
"5424","NE"
"5425","NE"
"5426","NE"
"5427","DA"
"5428","DA"
"5429","DA"
"5430","NE"
"5431","NE"
"5432","NE"
"5433","DA"
"5434","NE"
"5435","NE"
"5436","NE"
"5437","NE"
"5438","NE"
"5439","NE"
"5440","NE"
"5441","NE"
"5442","NE"
"5443","NE"
"5444","NE"
"5445","NE"
"5446","NE"
"5447","NE"
"5448","NE"
"5449","NE"
"5450","NE"
"5451","NE"
"5452","NE"
"5453","NE"
"5454","DA"
"5455","NE"
"5456","DA"
"5457","NE"
"5458","NE"
"5459","NE"
"5460","NE"
"5461","DA"
"5462","NE"
"5463","NE"
"5464","NE"
"5465","DA"
"5466","NE"
"5467","NE"
"5468","NE"
"5469","NE"
"5470","DA"
"5471","NE"
"5472","NE"
"5473","NE"
"5474","NE"
"5475","NE"
"5476","DA"
"5477","DA"
"5478","DA"
"5479","NE"
"5480","NE"
"5481","NE"
"5482","NE"
"5483","NE"
"5484","NE"
"5485","NE"
"5486","DA"
"5487","DA"
"5488","NE"
"5489","NE"
"5490","NE"
"5491","NE"
"5492","DA"
"5493","NE"
"5494","NE"
"5495","NE"
"5496","NE"
"5497","DA"
"5498","NE"
"5499","NE"
"5500","NE"
"5501","NE"
"5502","NE"
"5503","NE"
"5504","NE"
"5505","DA"
"5506","NE"
"5507","DA"
"5508","NE"
"5509","NE"
"5510","NE"
"5511","NE"
"5512","NE"
"5513","NE"
"5514","NE"
"5515","NE"
"5516","NE"
"5517","NE"
"5518","NE"
"5519","DA"
"5520","NE"
"5521","NE"
"5522","NE"
"5523","DA"
"5524","NE"
"5525","DA"
"5526","NE"
"5527","NE"
"5528","NE"
"5529","NE"
"5530","NE"
"5531","NE"
"5532","NE"
"5533","NE"
"5534","NE"
"5535","NE"
"5536","NE"
"5537","NE"
"5538","NE"
"5539","NE"
"5540","NE"
"5541","NE"
"5542","DA"
"5543","DA"
"5544","NE"
"5545","DA"
"5546","NE"
"5547","NE"
"5548","DA"
"5549","NE"
"5550","NE"
"5551","NE"
"5552","NE"
"5553","NE"
"5554","NE"
"5555","NE"
"5556","NE"
"5557","NE"
"5558","NE"
"5559","DA"
"5560","NE"
"5561","NE"
"5562","DA"
"5563","NE"
"5564","NE"
"5565","DA"
"5566","NE"
"5567","DA"
"5568","NE"
"5569","NE"
"5570","NE"
"5571","NE"
"5572","NE"
"5573","NE"
"5574","NE"
"5575","NE"
"5576","DA"
"5577","NE"
"5578","DA"
"5579","NE"
"5580","NE"
"5581","NE"
"5582","NE"
"5583","NE"
"5584","DA"
"5585","NE"
"5586","NE"
"5587","NE"
"5588","NE"
"5589","NE"
"5590","NE"
"5591","NE"
"5592","NE"
"5593","NE"
"5594","NE"
"5595","NE"
"5596","NE"
"5597","NE"
"5598","NE"
"5599","DA"
"5600","NE"
"5601","NE"
"5602","NE"
"5603","NE"
"5604","NE"
"5605","NE"
"5606","DA"
"5607","NE"
"5608","NE"
"5609","NE"
"5610","NE"
"5611","NE"
"5612","DA"
"5613","DA"
"5614","DA"
"5615","NE"
"5616","NE"
"5617","NE"
"5618","NE"
"5619","NE"
"5620","NE"
"5621","DA"
"5622","NE"
"5623","NE"
"5624","NE"
"5625","NE"
"5626","NE"
"5627","NE"
"5628","NE"
"5629","NE"
"5630","NE"
"5631","NE"
"5632","NE"
"5633","NE"
"5634","NE"
"5635","NE"
"5636","NE"
"5637","DA"
"5638","NE"
"5639","NE"
"5640","NE"
"5641","NE"
"5642","NE"
"5643","NE"
"5644","DA"
"5645","NE"
"5646","NE"
"5647","NE"
"5648","NE"
"5649","NE"
"5650","DA"
"5651","NE"
"5652","NE"
"5653","DA"
"5654","NE"
"5655","DA"
"5656","DA"
"5657","NE"
"5658","DA"
"5659","NE"
"5660","NE"
"5661","NE"
"5662","DA"
"5663","DA"
"5664","DA"
"5665","NE"
"5666","NE"
"5667","NE"
"5668","NE"
"5669","NE"
"5670","DA"
"5671","NE"
"5672","NE"
"5673","NE"
"5674","NE"
"5675","DA"
"5676","NE"
"5677","NE"
"5678","NE"
"5679","NE"
"5680","DA"
"5681","NE"
"5682","NE"
"5683","NE"
"5684","NE"
"5685","NE"
"5686","NE"
"5687","NE"
"5688","NE"
"5689","NE"
"5690","NE"
"5691","NE"
"5692","NE"
"5693","NE"
"5694","NE"
"5695","DA"
"5696","NE"
"5697","NE"
"5698","NE"
"5699","NE"
"5700","NE"
"5701","NE"
"5702","DA"
"5703","NE"
"5704","DA"
"5705","NE"
"5706","DA"
"5707","NE"
"5708","NE"
"5709","NE"
"5710","NE"
"5711","NE"
"5712","NE"
"5713","NE"
"5714","NE"
"5715","DA"
"5716","DA"
"5717","NE"
"5718","NE"
"5719","NE"
"5720","NE"
"5721","NE"
"5722","NE"
"5723","DA"
"5724","NE"
"5725","NE"
"5726","NE"
"5727","NE"
"5728","NE"
"5729","NE"
"5730","NE"
"5731","NE"
"5732","NE"
"5733","NE"
"5734","NE"
"5735","NE"
"5736","NE"
"5737","NE"
"5738","NE"
"5739","NE"
"5740","NE"
"5741","NE"
"5742","NE"
"5743","NE"
"5744","NE"
"5745","NE"
"5746","NE"
"5747","DA"
"5748","NE"
"5749","NE"
"5750","NE"
"5751","NE"
"5752","NE"
"5753","NE"
"5754","NE"
"5755","DA"
"5756","NE"
"5757","NE"
"5758","DA"
"5759","NE"
"5760","NE"
"5761","NE"
"5762","DA"
"5763","NE"
"5764","NE"
"5765","NE"
"5766","NE"
"5767","DA"
"5768","NE"
"5769","NE"
"5770","NE"
"5771","NE"
"5772","NE"
"5773","NE"
"5774","NE"
"5775","NE"
"5776","NE"
"5777","NE"
"5778","DA"
"5779","NE"
"5780","NE"
"5781","NE"
"5782","NE"
"5783","NE"
"5784","DA"
"5785","NE"
"5786","DA"
"5787","NE"
"5788","NE"
"5789","NE"
"5790","NE"
"5791","DA"
"5792","NE"
"5793","NE"
"5794","NE"
"5795","NE"
"5796","DA"
"5797","NE"
"5798","NE"
"5799","NE"
"5800","NE"
"5801","NE"
"5802","NE"
"5803","NE"
"5804","NE"
"5805","NE"
"5806","NE"
"5807","NE"
"5808","NE"
"5809","NE"
"5810","NE"
"5811","NE"
"5812","DA"
"5813","NE"
"5814","NE"
"5815","NE"
"5816","NE"
"5817","NE"
"5818","NE"
"5819","NE"
"5820","DA"
"5821","NE"
"5822","NE"
"5823","NE"
"5824","NE"
"5825","NE"
"5826","NE"
"5827","NE"
"5828","NE"
"5829","NE"
"5830","NE"
"5831","NE"
"5832","DA"
"5833","NE"
"5834","NE"
"5835","NE"
"5836","NE"
"5837","NE"
"5838","NE"
"5839","NE"
"5840","NE"
"5841","NE"
"5842","NE"
"5843","DA"
"5844","NE"
"5845","NE"
"5846","DA"
"5847","NE"
"5848","NE"
"5849","NE"
"5850","NE"
"5851","DA"
"5852","NE"
"5853","NE"
"5854","NE"
"5855","NE"
"5856","NE"
"5857","NE"
"5858","NE"
"5859","NE"
"5860","NE"
"5861","NE"
"5862","NE"
"5863","NE"
"5864","NE"
"5865","NE"
"5866","NE"
"5867","NE"
"5868","DA"
"5869","NE"
"5870","NE"
"5871","NE"
"5872","NE"
"5873","NE"
"5874","NE"
"5875","NE"
"5876","NE"
"5877","NE"
"5878","DA"
"5879","NE"
"5880","NE"
"5881","NE"
"5882","NE"
"5883","NE"
"5884","DA"
"5885","NE"
"5886","NE"
"5887","NE"
"5888","DA"
"5889","NE"
"5890","NE"
"5891","NE"
"5892","NE"
"5893","NE"
"5894","NE"
"5895","NE"
"5896","NE"
"5897","NE"
"5898","DA"
"5899","NE"
"5900","NE"
"5901","NE"
"5902","DA"
"5903","NE"
"5904","NE"
"5905","DA"
"5906","DA"
"5907","NE"
"5908","NE"
"5909","NE"
"5910","NE"
"5911","NE"
"5912","NE"
"5913","DA"
"5914","NE"
"5915","NE"
"5916","DA"
"5917","DA"
"5918","DA"
"5919","DA"
"5920","NE"
"5921","NE"
"5922","DA"
"5923","NE"
"5924","NE"
"5925","NE"
"5926","NE"
"5927","NE"
"5928","NE"
"5929","DA"
"5930","NE"
"5931","NE"
"5932","NE"
"5933","NE"
"5934","DA"
"5935","NE"
"5936","NE"
"5937","NE"
"5938","NE"
"5939","DA"
"5940","NE"
"5941","NE"
"5942","DA"
"5943","NE"
"5944","NE"
"5945","DA"
"5946","DA"
"5947","NE"
"5948","NE"
"5949","NE"
"5950","NE"
"5951","NE"
"5952","NE"
"5953","NE"
